-- phpMyAdmin SQL Dump
-- version 5.2.0
-- https://www.phpmyadmin.net/
--
-- Host: 127.0.0.1
-- Generation Time: May 21, 2023 at 04:19 PM
-- Server version: 10.4.27-MariaDB
-- PHP Version: 8.2.0

SET SQL_MODE = "NO_AUTO_VALUE_ON_ZERO";
START TRANSACTION;
SET time_zone = "+00:00";


/*!40101 SET @OLD_CHARACTER_SET_CLIENT=@@CHARACTER_SET_CLIENT */;
/*!40101 SET @OLD_CHARACTER_SET_RESULTS=@@CHARACTER_SET_RESULTS */;
/*!40101 SET @OLD_COLLATION_CONNECTION=@@COLLATION_CONNECTION */;
/*!40101 SET NAMES utf8mb4 */;

--
-- Database: `pfa`
--

-- --------------------------------------------------------

--
-- Table structure for table `admins`
--

CREATE TABLE `admins` (
  `code` bigint(20) DEFAULT NULL,
  `email` varchar(255) DEFAULT NULL,
  `password` varchar(255) DEFAULT NULL,
  `personne_id` int(11) NOT NULL
) ENGINE=InnoDB DEFAULT CHARSET=utf8mb4 COLLATE=utf8mb4_general_ci;

--
-- Dumping data for table `admins`
--

INSERT INTO `admins` (`code`, `email`, `password`, `personne_id`) VALUES
(123564, 'saad@gmail.com', '123', 155);

-- --------------------------------------------------------

--
-- Table structure for table `convocations`
--

CREATE TABLE `convocations` (
  `id` int(11) NOT NULL,
  `cr_m1` varchar(255) DEFAULT NULL,
  `cr_m2` varchar(255) DEFAULT NULL,
  `cr_m3` varchar(255) DEFAULT NULL,
  `cr_m4` varchar(255) DEFAULT NULL,
  `cr_m5` varchar(255) DEFAULT NULL,
  `cr_m6` varchar(255) DEFAULT NULL,
  `date_m1` varchar(255) DEFAULT NULL,
  `date_m2` varchar(255) DEFAULT NULL,
  `date_m3` varchar(255) DEFAULT NULL,
  `date_m4` varchar(255) DEFAULT NULL,
  `date_m5` varchar(255) DEFAULT NULL,
  `date_m6` varchar(255) DEFAULT NULL,
  `ex_m1` int(11) NOT NULL,
  `ex_m2` int(11) NOT NULL,
  `ex_m3` int(11) NOT NULL,
  `ex_m4` int(11) NOT NULL,
  `ex_m5` int(11) NOT NULL,
  `ex_m6` int(11) NOT NULL,
  `filiere` varchar(255) DEFAULT NULL,
  `loc_m1` varchar(255) DEFAULT NULL,
  `loc_m2` varchar(255) DEFAULT NULL,
  `loc_m3` varchar(255) DEFAULT NULL,
  `loc_m4` varchar(255) DEFAULT NULL,
  `loc_m5` varchar(255) DEFAULT NULL,
  `loc_m6` varchar(255) DEFAULT NULL,
  `m1` varchar(255) DEFAULT NULL,
  `m2` varchar(255) DEFAULT NULL,
  `m3` varchar(255) DEFAULT NULL,
  `m4` varchar(255) DEFAULT NULL,
  `m5` varchar(255) DEFAULT NULL,
  `m6` varchar(255) DEFAULT NULL,
  `ntab_m1` int(11) NOT NULL,
  `ntab_m2` int(11) NOT NULL,
  `ntab_m3` int(11) NOT NULL,
  `ntab_m4` int(11) NOT NULL,
  `ntab_m5` int(11) NOT NULL,
  `ntab_m6` int(11) NOT NULL,
  `semestre` varchar(255) DEFAULT NULL,
  `etudiant_id` int(11) DEFAULT NULL
) ENGINE=InnoDB DEFAULT CHARSET=utf8mb4 COLLATE=utf8mb4_general_ci;

--
-- Dumping data for table `convocations`
--

INSERT INTO `convocations` (`id`, `cr_m1`, `cr_m2`, `cr_m3`, `cr_m4`, `cr_m5`, `cr_m6`, `date_m1`, `date_m2`, `date_m3`, `date_m4`, `date_m5`, `date_m6`, `ex_m1`, `ex_m2`, `ex_m3`, `ex_m4`, `ex_m5`, `ex_m6`, `filiere`, `loc_m1`, `loc_m2`, `loc_m3`, `loc_m4`, `loc_m5`, `loc_m6`, `m1`, `m2`, `m3`, `m4`, `m5`, `m6`, `ntab_m1`, `ntab_m2`, `ntab_m3`, `ntab_m4`, `ntab_m5`, `ntab_m6`, `semestre`, `etudiant_id`) VALUES
(1, '', '', '', '', 'de 17H00 à', '', '', '', '', '', '09/03/2021', '', 0, 0, 0, 0, 1, 0, 'SMA', '', '', '', '', 'A-8', '', '', '', '', '', 'Electricité 2', '', 0, 0, 0, 0, 20, 0, 'S3', 1),
(2, '', 'de 17H00 à', 'de 15H00 à', 'de 11H00 à 13H00', '', '', '', '05/03/2021', '09/03/2021', '08/03/2021', '', '', 0, 1, 1, 1, 0, 0, 'SMA', '', 'A-8', 'A-8', 'A-8', '', '', '', 'Analyse 5', 'Algèbre 4', 'Mécanique', '', '', 0, 19, 22, 18, 0, 0, 'S3', 3),
(3, 'de 09H00 à', 'de 17H00 à', 'de 15H00 à', 'de 11H00 à 13H00', '', '', '08/03/2021', '05/03/2021', '09/03/2021', '08/03/2021', '', '', 1, 1, 1, 1, 0, 0, 'SMA', 'A-8', 'A-8', 'A-8', 'A-8', '', '', 'Analyse 4', 'Analyse 5', 'Algèbre 4', 'Mécanique', '', '', 2, 2, 3, 3, 0, 0, 'S3', 2),
(4, 'de 09H00 à', '', 'de 15H00 à', 'de 11H00 à', '', '', '08/03/2021', '', '09/03/2021', '08/03/2021', '', '', 1, 0, 1, 1, 0, 0, 'SMA', 'A-8', '', 'A-8', 'A-8', '', '', 'Analyse 4', '', 'Algèbre 4', 'Mécanique', '', '', 20, 0, 23, 19, 0, 0, 'S3', 5),
(5, 'de 09H00 à', 'de 17H00 à', 'de 15H00 à', '', '', 'de 15H00 à', '08/03/2021', '05/03/2021', '09/03/2021', '', '', '05/03/2021', 1, 1, 1, 0, 0, 1, 'SMA', 'A-8', 'A-8', 'A-8', '', '', 'A-8', 'Analyse 4', 'Analyse 5', 'Algèbre 4', '', '', 'Informatiqu', 3, 3, 4, 0, 0, 3, 'S3', 4),
(6, 'de 09H00 à', 'de 17H00 à', 'de 15H00 à', 'de 11H00 à', 'de 17H00 à', 'de 15H00 à', '08/03/2021', '05/03/2021', '09/03/2021', '08/03/2021', '09/03/2021', '05/03/2021', 1, 1, 1, 1, 1, 1, 'SMA', 'A-6', 'A-6', 'A-6', 'A-6', 'A-6', 'A-6', 'Analyse 4', 'Analyse 5', 'Algèbre 4', 'Mécanique', 'Electricité 2', 'Informatiqu', 5, 5, 5, 5, 5, 5, 'S3', 6),
(7, 'de 09H00 à', 'de 17H00 à', '', '', '', '', '08/03/2021', '05/03/2021', '', '', '', '', 1, 1, 0, 0, 0, 0, 'SMA', 'A-8', 'A-8', '', '', '', '', 'Analyse 4', 'Analyse 5', '', '', '', '', 31, 29, 0, 0, 0, 0, 'S3', 8),
(8, 'de 09H00 à 10H30', '', 'de 15H00 à', 'de 11H00 à', 'de 17H00 à', '', '08/03/2021', '', '09/03/2021', '08/03/2021', '09/03/2021', '', 1, 0, 1, 1, 1, 0, 'SMA', 'A-8', '', 'A-8', 'A-8', 'A-8', '', 'Analyse 4', '', 'Algèbre 4', 'Mécanique', 'Electricité 2', '', 4, 0, 5, 4, 2, 0, 'S3', 7),
(9, 'de 09H00 à', 'de 17H00 à', 'de 15H00 à', '', '', 'de 15H00 à', '08/03/2021', '05/03/2021', '09/03/2021', '', '', '05/03/2021', 1, 1, 1, 0, 0, 1, 'SMA', 'A-8', 'A-8', 'A-8', '', '', 'A-8', 'Analyse 4', 'Analyse 5', 'Algèbre 4', '', '', 'Informatiqu', 5, 4, 6, 0, 0, 4, 'S3', 9),
(10, 'de 09H00 à 10H30', '', 'de 15H00 à', 'de 11H00 à', 'de 17H00 à', 'de 15H00 à', '08/03/2021', '', '09/03/2021', '08/03/2021', '09/03/2021', '05/03/2021', 1, 0, 1, 1, 1, 1, 'SMA', 'A-7', '', 'A-7', 'A-7', 'A-7', 'A-7', 'Analyse 4', '', 'Algèbre 4', 'Mécanique', 'Electricité 2', 'Informatiqu', 20, 0, 20, 20, 20, 19, 'S3', 10),
(11, 'de 09H00 à', '', '', '', '', 'de 15H00 à', '08/03/2021', '', '', '', '', '05/03/2021', 1, 0, 0, 0, 0, 1, 'SMA', 'A-8', '', '', '', '', 'A-7', 'Analyse 4', '', '', '', '', 'Informatiqu', 33, 0, 0, 0, 0, 29, 'S3', 12),
(12, 'de 09H00 à', 'de 17H00 à', '', '', '', '', '08/03/2021', '05/03/2021', '', '', '', '', 1, 1, 0, 0, 0, 0, 'SMA', 'A-8', 'A-8', '', '', '', '', 'Analyse 4', 'Analyse 5', '', '', '', '', 32, 30, 0, 0, 0, 0, 'S3', 13),
(13, 'de 09H00 à', 'de 17H00 à', 'de 15H00 à', 'de 11H00 à', 'de 17H00 à', 'de 15H00 à', '08/03/2021', '05/03/2021', '09/03/2021', '08/03/2021', '09/03/2021', '05/03/2021', 1, 1, 1, 1, 1, 1, 'SMA', 'A-6', 'A-6', 'A-6', 'A-6', 'A-6', 'A-6', 'Analyse 4', 'Analyse 5', 'Algèbre 4', 'Mécanique', 'Electricité 2', 'Informatiqu', 6, 6, 6, 6, 6, 6, 'S3', 11),
(14, 'de 09H00 à', 'de 17H00 à', '', '', '', '', '08/03/2021', '05/03/2021', '', '', '', '', 1, 1, 0, 0, 0, 0, 'SMA', 'A-8', 'A-8', '', '', '', '', 'Analyse 4', 'Analyse 5', '', '', '', '', 34, 31, 0, 0, 0, 0, 'S3', 14),
(15, 'de 09H00 à', 'de 17H00 à', 'de 15H00 à', 'de 11H00 à', 'de 17H00 à', 'de 15H00 à', '08/03/2021', '05/03/2021', '09/03/2021', '08/03/2021', '09/03/2021', '05/03/2021', 1, 1, 1, 1, 1, 1, 'SMA', 'A-6', 'A-6', 'A-6', 'A-6', 'A-6', 'A-6', 'Analyse 4', 'Analyse 5', 'Algèbre 4', 'Mécanique', 'Electricité 2', 'Informatiqu', 7, 7, 7, 7, 7, 7, 'S3', 15),
(16, 'de 09H00 à', 'de 17H00 à', 'de 15H00 à', 'de 11H00 à', 'de 17H00 à', 'de 15H00 à', '08/03/2021', '05/03/2021', '09/03/2021', '08/03/2021', '09/03/2021', '05/03/2021', 1, 1, 1, 1, 1, 1, 'SMA', 'A-6', 'A-6', 'A-6', 'A-6', 'A-6', 'A-6', 'Analyse 4', 'Analyse 5', 'Algèbre 4', 'Mécanique', 'Electricité 2', 'Informatiqu', 11, 11, 11, 11, 11, 11, 'S3', 16),
(17, 'de 09H00 à', 'de 17H00 à', 'de 15H00 à', 'de 11H00 à', 'de 17H00 à', 'de 15H00 à', '08/03/2021', '05/03/2021', '09/03/2021', '08/03/2021', '09/03/2021', '05/03/2021', 1, 1, 1, 1, 1, 1, 'SMA', 'A-6', 'A-6', 'A-6', 'A-6', 'A-6', 'A-6', 'Analyse 4', 'Analyse 5', 'Algèbre 4', 'Mécanique', 'Electricité 2', 'Informatiqu', 8, 8, 8, 8, 8, 8, 'S3', 17),
(18, 'de 09H00 à', 'de 17H00 à', 'de 15H00 à', 'de 11H00 à', 'de 17H00 à', 'de 15H00 à', '08/03/2021', '05/03/2021', '09/03/2021', '08/03/2021', '09/03/2021', '05/03/2021', 1, 1, 1, 1, 1, 1, 'SMA', 'A-6', 'A-6', 'A-6', 'A-6', 'A-6', 'A-6', 'Analyse 4', 'Analyse 5', 'Algèbre 4', 'Mécanique', 'Electricité 2', 'Informatiqu', 9, 9, 9, 9, 9, 9, 'S3', 18),
(19, '', '', '', '', '', 'de 15H00 à', '', '', '', '', '', '05/03/2021', 0, 0, 0, 0, 0, 1, 'SMA', '', '', '', '', '', 'A-8', '', '', '', '', '', 'Informatiqu', 0, 0, 0, 0, 0, 16, 'S3', 20),
(20, 'de 09H00 à', 'de 17H00 à', 'de 15H00 à', 'de 11H00 à', 'de 17H00 à', 'de 15H00 à', '08/03/2021', '05/03/2021', '09/03/2021', '08/03/2021', '09/03/2021', '05/03/2021', 1, 1, 1, 1, 1, 1, 'SMA', 'A-6', 'A-6', 'A-6', 'A-6', 'A-6', 'A-6', 'Analyse 4', 'Analyse 5', 'Algèbre 4', 'Mécanique', 'Electricité 2', 'Informatiqu', 10, 10, 10, 10, 10, 10, 'S3', 19),
(21, 'de 09H00 à', 'de 17H00 à', '', '', 'de 17H00 à 18H30', '', '08/03/2021', '05/03/2021', '', '', '09/03/2021', '', 1, 1, 0, 0, 1, 0, 'SMA', 'A-8', 'A-8', '', '', 'A-8', '', 'Analyse 4', 'Analyse 5', '', '', 'Electricité 2', '', 21, 20, 0, 0, 10, 0, 'S3', 21),
(22, 'de 09H00 à', 'de 17H00 à', 'de 15H00 à', 'de 11H00 à', 'de 17H00 à', 'de 15H00 à', '08/03/2021', '05/03/2021', '09/03/2021', '08/03/2021', '09/03/2021', '05/03/2021', 1, 1, 1, 1, 1, 1, 'SMA', 'A-6', 'A-6', 'A-6', 'A-6', 'A-6', 'A-6', 'Analyse 4', 'Analyse 5', 'Algèbre 4', 'Mécanique', 'Electricité 2', 'Informatiqu', 12, 12, 12, 12, 12, 12, 'S3', 22),
(23, 'de 09H00 à', 'de 17H00 à', 'de 15H00 à', 'de 11H00 à', '', '', '08/03/2021', '05/03/2021', '09/03/2021', '08/03/2021', '', '', 1, 1, 1, 1, 0, 0, 'SMA', 'A-8', 'A-8', 'A-8', 'A-8', '', '', 'Analyse 4', 'Analyse 5', 'Algèbre 4', 'Mécanique', '', '', 6, 6, 8, 6, 0, 0, 'S3', 23),
(24, '', 'de 17H00 à', 'de 15H00 à', 'de 11H00 à', 'de 17H00 à 18H30', '', '', '05/03/2021', '09/03/2021', '08/03/2021', '09/03/2021', '', 0, 1, 1, 1, 1, 0, 'SMA', '', 'A-8', 'A-8', 'A-8', 'A-8', '', '', 'Analyse 5', 'Algèbre 4', 'Mécanique', 'Electricité 2', '', 0, 5, 7, 5, 3, 0, 'S3', 24),
(25, 'de 09H00 à', 'de 17H00 à', 'de 15H00 à', 'de 11H00 à', 'de 17H00 à 18H30', '', '08/03/2021', '05/03/2021', '09/03/2021', '08/03/2021', '09/03/2021', '', 1, 1, 1, 1, 1, 0, 'SMA', 'A-7', 'A-7', 'A-7', 'A-7', 'A-7', '', 'Analyse 4', 'Analyse 5', 'Algèbre 4', 'Mécanique', 'Electricité 2', '', 21, 20, 21, 21, 21, 0, 'S3', 25),
(26, 'de 09H00 à', 'de 17H00 à', 'de 15H00 à', 'de 11H00 à', 'de 17H00 à', '', '08/03/2021', '05/03/2021', '09/03/2021', '08/03/2021', '09/03/2021', '', 1, 1, 1, 1, 1, 0, 'SMA', 'A-7', 'A-7', 'A-7', 'A-7', 'A-7', '', 'Analyse 4', 'Analyse 5', 'Algèbre 4', 'Mécanique', 'Electricité 2', '', 22, 21, 22, 22, 22, 0, 'S3', 26),
(27, 'de 09H00 à', 'de 17H00 à', 'de 15H00 à', 'de 11H00 à', 'de 17H00 à', 'de 15H00 à', '08/03/2021', '05/03/2021', '09/03/2021', '08/03/2021', '09/03/2021', '05/03/2021', 1, 1, 1, 1, 1, 1, 'SMA', 'A-6', 'A-6', 'A-6', 'A-6', 'A-6', 'A-6', 'Analyse 4', 'Analyse 5', 'Algèbre 4', 'Mécanique', 'Electricité 2', 'Informatiqu', 13, 13, 13, 13, 13, 13, 'S3', 27),
(28, 'de 09H00 à', 'de 17H00 à', 'de 15H00 à', 'de 11H00 à', 'de 17H00 à', '', '08/03/2021', '05/03/2021', '09/03/2021', '08/03/2021', '09/03/2021', '', 1, 1, 1, 1, 1, 0, 'SMA', 'A-7', 'A-7', 'A-7', 'A-7', 'A-7', '', 'Analyse 4', 'Analyse 5', 'Algèbre 4', 'Mécanique', 'Electricité 2', '', 23, 22, 23, 23, 23, 0, 'S3', 28),
(29, 'de 09H00 à', 'de 17H00 à', 'de 15H00 à', 'de 11H00 à', 'de 17H00 à', 'de 15H00 à', '08/03/2021', '05/03/2021', '09/03/2021', '08/03/2021', '09/03/2021', '05/03/2021', 1, 1, 1, 1, 1, 1, 'SMA', 'A-6', 'A-6', 'A-6', 'A-6', 'A-6', 'A-6', 'Analyse 4', 'Analyse 5', 'Algèbre 4', 'Mécanique', 'Electricité 2', 'Informatiqu', 14, 14, 14, 14, 14, 14, 'S3', 29),
(30, 'de 09H00 à', 'de 17H00 à', 'de 15H00 à', 'de 11H00 à', 'de 17H00 à', 'de 15H00 à', '08/03/2021', '05/03/2021', '09/03/2021', '08/03/2021', '09/03/2021', '05/03/2021', 1, 1, 1, 1, 1, 1, 'SMA', 'A-6', 'A-6', 'A-6', 'A-6', 'A-6', 'A-6', 'Analyse 4', 'Analyse 5', 'Algèbre 4', 'Mécanique', 'Electricité 2', 'Informatiqu', 15, 15, 15, 15, 15, 15, 'S3', 30),
(31, '', '', 'de 15H00 à', '', 'de 17H00 à', 'de 15H00 à', '', '', '09/03/2021', '', '09/03/2021', '05/03/2021', 0, 0, 1, 0, 1, 1, 'SMA', '', '', 'A-8', '', 'A-8', 'A-7', '', '', 'Algèbre 4', '', 'Electricité 2', 'Informatiqu', 0, 0, 24, 0, 11, 26, 'S3', 31),
(32, 'de 09H00 à', '', '', '', '', '', '08/03/2021', '', '', '', '', '', 1, 0, 0, 0, 0, 0, 'SMA', 'A-8', '', '', '', '', '', 'Analyse 4', '', '', '', '', '', 38, 0, 0, 0, 0, 0, 'S3', 35),
(33, 'de 09H00 à', 'de 17H00 à', 'de 15H00 à', 'de 11H00 à', 'de 17H00 à', 'de 15H00 à', '08/03/2021', '05/03/2021', '09/03/2021', '08/03/2021', '09/03/2021', '05/03/2021', 1, 1, 1, 1, 1, 1, 'SMA', 'A-6', 'A-6', 'A-6', 'A-6', 'A-6', 'A-6', 'Analyse 4', 'Analyse 5', 'Algèbre 4', 'Mécanique', 'Electricité 2', 'Informatiqu', 16, 16, 16, 16, 16, 16, 'S3', 33),
(34, 'de 09H00 à', 'de 17H00 à', 'de 15H00 à', 'de 11H00 à', 'de 17H00 à', 'de 15H00 à', '08/03/2021', '05/03/2021', '09/03/2021', '08/03/2021', '09/03/2021', '05/03/2021', 1, 1, 1, 1, 1, 1, 'SMA', 'A-6', 'A-6', 'A-6', 'A-6', 'A-6', 'A-6', 'Analyse 4', 'Analyse 5', 'Algèbre 4', 'Mécanique', 'Electricité 2', 'Informatiqu', 17, 17, 17, 17, 17, 17, 'S3', 36),
(35, 'de 09H00 à', 'de 17H00 à', 'de 15H00 à', 'de 11H00 à', 'de 17H00 à', 'de 15H00 à', '08/03/2021', '05/03/2021', '09/03/2021', '08/03/2021', '09/03/2021', '05/03/2021', 1, 1, 1, 1, 1, 1, 'SMA', 'A-6', 'A-6', 'A-6', 'A-6', 'A-6', 'A-6', 'Analyse 4', 'Analyse 5', 'Algèbre 4', 'Mécanique', 'Electricité 2', 'Informatiqu', 19, 19, 19, 19, 19, 19, 'S3', 34),
(36, 'de 09H00 à', 'de 17H00 à', 'de 15H00 à', 'de 11H00 à', 'de 17H00 à', 'de 15H00 à', '08/03/2021', '05/03/2021', '09/03/2021', '08/03/2021', '09/03/2021', '05/03/2021', 1, 1, 1, 1, 1, 1, 'SMA', 'A-6', 'A-6', 'A-6', 'A-6', 'A-6', 'A-6', 'Analyse 4', 'Analyse 5', 'Algèbre 4', 'Mécanique', 'Electricité 2', 'Informatiqu', 18, 18, 18, 18, 18, 18, 'S3', 32),
(37, '', '', '', '', '', 'de 15H00 à', '', '', '', '', '', '05/03/2021', 0, 0, 0, 0, 0, 1, 'SMA', '', '', '', '', '', 'A-8', '', '', '', '', '', 'Informatiqu', 0, 0, 0, 0, 0, 17, 'S3', 38),
(38, '', 'de 17H00 à', 'de 15H00 à', 'de 11H00 à', 'de 17H00 à', 'de 15H00 à', '', '05/03/2021', '09/03/2021', '08/03/2021', '09/03/2021', '05/03/2021', 0, 1, 1, 1, 1, 1, 'SMA', '', 'A-7', 'A-7', 'A-7', 'A-7', 'A-7', '', 'Analyse 5', 'Algèbre 4', 'Mécanique', 'Electricité 2', 'Informatiqu', 0, 23, 24, 24, 24, 20, 'S3', 37),
(39, '', '', '', '', 'de 17H00 à', 'de 15H00 à', '', '', '', '', '09/03/2021', '05/03/2021', 0, 0, 0, 0, 1, 1, 'SMA', '', '', '', '', 'A-8', 'A-7', '', '', '', '', 'Electricité 2', 'Informatiqu', 0, 0, 0, 0, 14, 30, 'S3', 40),
(40, 'de 09H00 à', 'de 17H00 à', 'de 15H00 à', 'de 11H00 à', 'de 17H00 à', 'de 15H00 à', '08/03/2021', '05/03/2021', '09/03/2021', '08/03/2021', '09/03/2021', '05/03/2021', 1, 1, 1, 1, 1, 1, 'SMA', 'A-6', 'A-6', 'A-6', 'A-6', 'A-6', 'A-6', 'Analyse 4', 'Analyse 5', 'Algèbre 4', 'Mécanique', 'Electricité 2', 'Informatiqu', 21, 21, 21, 21, 21, 21, 'S3', 39),
(41, 'de 09H00 à', 'de 17H00 à', 'de 15H00 à', 'de 11H00 à', '', '', '08/03/2021', '05/03/2021', '09/03/2021', '08/03/2021', '', '', 1, 1, 1, 1, 0, 0, 'SMA', 'A-8', 'A-8', 'A-8', 'A-8', '', '', 'Analyse 4', 'Analyse 5', 'Algèbre 4', 'Mécanique', '', '', 7, 7, 9, 7, 0, 0, 'S3', 42),
(42, 'de 09H00 à', 'de 17H00 à 18H30', '', '', '', 'de 15H00 à', '08/03/2021', '05/03/2021', '', '', '', '05/03/2021', 1, 1, 0, 0, 0, 1, 'SMA', 'A-8', 'A-8', '', '', '', 'A-8', 'Analyse 4', 'Analyse 5', '', '', '', 'Informatiqu', 22, 21, 0, 0, 0, 9, 'S3', 41),
(43, 'de 09H00 à', 'de 17H00 à', 'de 15H00 à', 'de 11H00 à', 'de 17H00 à', '', '08/03/2021', '05/03/2021', '09/03/2021', '08/03/2021', '09/03/2021', '', 1, 1, 1, 1, 1, 0, 'SMA', 'A-7', 'A-7', 'A-7', 'A-7', 'A-7', '', 'Analyse 4', 'Analyse 5', 'Algèbre 4', 'Mécanique', 'Electricité 2', '', 24, 24, 25, 25, 25, 0, 'S3', 43),
(44, '', '', '', '', 'de 17H00 à', 'de 15H00 à', '', '', '', '', '09/03/2021', '05/03/2021', 0, 0, 0, 0, 1, 1, 'SMA', '', '', '', '', 'A-8', 'A-7', '', '', '', '', 'Electricité 2', 'Informatiqu', 0, 0, 0, 0, 15, 31, 'S3', 47),
(45, 'de 09H00 à', 'de 17H00 à', 'de 15H00 à', 'de 11H00 à', 'de 17H00 à', '', '08/03/2021', '05/03/2021', '09/03/2021', '08/03/2021', '09/03/2021', '', 1, 1, 1, 1, 1, 0, 'SMA', 'A-7', 'A-7', 'A-7', 'A-7', 'A-7', '', 'Analyse 4', 'Analyse 5', 'Algèbre 4', 'Mécanique', 'Electricité 2', '', 25, 25, 26, 26, 26, 0, 'S3', 45),
(46, 'de 09H00 à', 'de 17H00 à', 'de 15H00 à', 'de 11H00 à', 'de 17H00 à', 'de 15H00 à', '08/03/2021', '05/03/2021', '09/03/2021', '08/03/2021', '09/03/2021', '05/03/2021', 1, 1, 1, 1, 1, 1, 'SMA', 'A-6', 'A-6', 'A-6', 'A-6', 'A-6', 'A-6', 'Analyse 4', 'Analyse 5', 'Algèbre 4', 'Mécanique', 'Electricité 2', 'Informatiqu', 20, 20, 20, 20, 20, 20, 'S3', 44),
(47, 'de 09H00 à', 'de 17H00 à 18H30', '', '', '', '', '08/03/2021', '05/03/2021', '', '', '', '', 1, 1, 0, 0, 0, 0, 'SMA', 'A-8', 'A-8', '', '', '', '', 'Analyse 4', 'Analyse 5', '', '', '', '', 35, 32, 0, 0, 0, 0, 'S3', 46),
(48, 'de 09H00 à', 'de 17H00 à', 'de 15H00 à', 'de 11H00 à', 'de 17H00 à', '', '08/03/2021', '05/03/2021', '09/03/2021', '08/03/2021', '09/03/2021', '', 1, 1, 1, 1, 1, 0, 'SMA', 'A-7', 'A-7', 'A-7', 'A-7', 'A-7', '', 'Analyse 4', 'Analyse 5', 'Algèbre 4', 'Mécanique', 'Electricité 2', '', 26, 26, 27, 27, 27, 0, 'S3', 48),
(49, 'de 09H00 à', 'de 17H00 à', 'de 15H00 à', 'de 11H00 à', 'de 17H00 à', 'de 15H00 à', '08/03/2021', '05/03/2021', '09/03/2021', '08/03/2021', '09/03/2021', '05/03/2021', 1, 1, 1, 1, 1, 1, 'SMA', 'A-6', 'A-6', 'A-6', 'A-6', 'A-6', 'A-6', 'Analyse 4', 'Analyse 5', 'Algèbre 4', 'Mécanique', 'Electricité 2', 'Informatiqu', 22, 22, 22, 22, 22, 22, 'S3', 50),
(50, 'de 09H00 à', 'de 17H00 à', 'de 15H00 à', 'de 11H00 à', 'de 17H00 à', '', '08/03/2021', '05/03/2021', '09/03/2021', '08/03/2021', '09/03/2021', '', 1, 1, 1, 1, 1, 0, 'SMA', 'A-7', 'A-7', 'A-7', 'A-7', 'A-7', '', 'Analyse 4', 'Analyse 5', 'Algèbre 4', 'Mécanique', 'Electricité 2', '', 27, 27, 28, 28, 28, 0, 'S3', 52),
(51, 'de 09H00 à', 'de 17H00 à', 'de 15H00 à', 'de 11H00 à', 'de 17H00 à', '', '08/03/2021', '05/03/2021', '09/03/2021', '08/03/2021', '09/03/2021', '', 1, 1, 1, 1, 1, 0, 'SMA', 'A-7', 'A-7', 'A-7', 'A-7', 'A-7', '', 'Analyse 4', 'Analyse 5', 'Algèbre 4', 'Mécanique', 'Electricité 2', '', 28, 28, 29, 29, 29, 0, 'S3', 54),
(52, 'de 09H00 à', 'de 17H00 à', 'de 15H00 à', 'de 11H00 à', 'de 17H00 à', 'de 15H00 à', '08/03/2021', '05/03/2021', '09/03/2021', '08/03/2021', '09/03/2021', '05/03/2021', 1, 1, 1, 1, 1, 1, 'SMA', 'A-6', 'A-6', 'A-6', 'A-6', 'A-6', 'A-6', 'Analyse 4', 'Analyse 5', 'Algèbre 4', 'Mécanique', 'Electricité 2', 'Informatiqu', 24, 24, 24, 24, 24, 24, 'S3', 51),
(53, 'de 09H00 à', 'de 17H00 à', 'de 15H00 à', 'de 11H00 à', 'de 17H00 à', 'de 15H00 à', '08/03/2021', '05/03/2021', '09/03/2021', '08/03/2021', '09/03/2021', '05/03/2021', 1, 1, 1, 1, 1, 1, 'SMA', 'A-6', 'A-6', 'A-6', 'A-6', 'A-6', 'A-6', 'Analyse 4', 'Analyse 5', 'Algèbre 4', 'Mécanique', 'Electricité 2', 'Informatiqu', 23, 23, 23, 23, 23, 23, 'S3', 49),
(54, 'de 09H00 à', 'de 17H00 à', 'de 15H00 à', 'de 11H00 à', 'de 17H00 à', 'de 15H00 à', '08/03/2021', '05/03/2021', '09/03/2021', '08/03/2021', '09/03/2021', '05/03/2021', 1, 1, 1, 1, 1, 1, 'SMA', 'A-6', 'A-6', 'A-6', 'A-6', 'A-6', 'A-6', 'Analyse 4', 'Analyse 5', 'Algèbre 4', 'Mécanique', 'Electricité 2', 'Informatiqu', 25, 25, 25, 25, 25, 25, 'S3', 53),
(55, '', '', '', '', 'de 17H00 à 18H30', '', '', '', '', '', '09/03/2021', '', 0, 0, 0, 0, 1, 0, 'SMA', '', '', '', '', 'A-8', '', '', '', '', '', 'Electricité 2', '', 0, 0, 0, 0, 21, 0, 'S3', 55),
(56, 'de 09H00 à', 'de 17H00 à', 'de 15H00 à', '', '', '', '08/03/2021', '05/03/2021', '09/03/2021', '', '', '', 1, 1, 1, 0, 0, 0, 'SMA', 'A-8', 'A-8', 'A-8', '', '', '', 'Analyse 4', 'Analyse 5', 'Algèbre 4', '', '', '', 23, 22, 25, 0, 0, 0, 'S3', 56),
(57, '', '', '', '', 'de 17H00 à', '', '', '', '', '', '09/03/2021', '', 0, 0, 0, 0, 1, 0, 'SMA', '', '', '', '', 'A-8', '', '', '', '', '', 'Electricité 2', '', 0, 0, 0, 0, 22, 0, 'S3', 57),
(58, '', '', 'de 15H00 à', 'de 11H00 à', 'de 17H00 à', 'de 15H00 à', '', '', '09/03/2021', '08/03/2021', '09/03/2021', '05/03/2021', 0, 0, 1, 1, 1, 1, 'SMA', '', '', 'A-8', 'A-8', 'A-8', 'A-7', '', '', 'Algèbre 4', 'Mécanique', 'Electricité 2', 'Informatiqu', 0, 0, 12, 9, 5, 25, 'S3', 59),
(59, '', 'de 17H00 à', 'de 15H00 à', 'de 11H00 à', 'de 17H00 à 18H30', '', '', '05/03/2021', '09/03/2021', '08/03/2021', '09/03/2021', '', 0, 1, 1, 1, 1, 0, 'SMA', '', 'A-8', 'A-8', 'A-8', 'A-8', '', '', 'Analyse 5', 'Algèbre 4', 'Mécanique', 'Electricité 2', '', 0, 8, 10, 8, 4, 0, 'S3', 61),
(60, 'de 09H00 à', 'de 17H00 à', 'de 15H00 à', '', '', 'de 15H00 à', '08/03/2021', '05/03/2021', '09/03/2021', '', '', '05/03/2021', 1, 1, 1, 0, 0, 1, 'SMA', 'A-8', 'A-8', 'A-8', '', '', 'A-8', 'Analyse 4', 'Analyse 5', 'Algèbre 4', '', '', 'Informatiqu', 8, 9, 11, 0, 0, 5, 'S3', 60),
(61, 'de 09H00 à', 'de 17H00 à', 'de 15H00 à', 'de 11H00 à', 'de 17H00 à', 'de 15H00 à', '08/03/2021', '05/03/2021', '09/03/2021', '08/03/2021', '09/03/2021', '05/03/2021', 1, 1, 1, 1, 1, 1, 'SMA', 'A-6', 'A-6', 'A-6', 'A-6', 'A-6', 'A-6', 'Analyse 4', 'Analyse 5', 'Algèbre 4', 'Mécanique', 'Electricité 2', 'Informatiqu', 26, 26, 26, 26, 26, 26, 'S3', 58),
(62, 'de 09H00 à', 'de 17H00 à', 'de 15H00 à', 'de 11H00 à', 'de 17H00 à', '', '08/03/2021', '05/03/2021', '09/03/2021', '08/03/2021', '09/03/2021', '', 1, 1, 1, 1, 1, 0, 'SMA', 'A-7', 'A-7', 'A-7', 'A-7', 'A-7', '', 'Analyse 4', 'Analyse 5', 'Algèbre 4', 'Mécanique', 'Electricité 2', '', 29, 29, 30, 30, 30, 0, 'S3', 62),
(63, 'de 09H00 à', 'de 17H00 à', 'de 15H00 à', '', '', 'de 15H00 à', '08/03/2021', '05/03/2021', '09/03/2021', '', '', '05/03/2021', 1, 1, 1, 0, 0, 1, 'SMA', 'A-8', 'A-8', 'A-8', '', '', 'A-8', 'Analyse 4', 'Analyse 5', 'Algèbre 4', '', '', 'Informatiqu', 9, 10, 13, 0, 0, 6, 'S3', 63),
(64, 'de 09H00 à', 'de 17H00 à 18H30', '', '', '', 'de 15H00 à', '08/03/2021', '05/03/2021', '', '', '', '05/03/2021', 1, 1, 0, 0, 0, 1, 'SMA', 'A-8', 'A-8', '', '', '', 'A-8', 'Analyse 4', 'Analyse 5', '', '', '', 'Informatiqu', 24, 23, 0, 0, 0, 10, 'S3', 65),
(65, '', '', '', '', '', 'de 15H00 à', '', '', '', '', '', '05/03/2021', 0, 0, 0, 0, 0, 1, 'SMA', '', '', '', '', '', 'A-8', '', '', '', '', '', 'Informatiqu', 0, 0, 0, 0, 0, 18, 'S3', 67),
(66, 'de 09H00 à', 'de 17H00 à 18H30', '', 'de 11H00 à', 'de 17H00 à', 'de 15H00 à', '08/03/2021', '05/03/2021', '', '08/03/2021', '09/03/2021', '05/03/2021', 1, 1, 0, 1, 1, 1, 'SMA', 'A-7', 'A-7', '', 'A-7', 'A-7', 'A-7', 'Analyse 4', 'Analyse 5', '', 'Mécanique', 'Electricité 2', 'Informatiqu', 30, 30, 0, 31, 31, 21, 'S3', 68),
(67, 'de 09H00 à', 'de 17H00 à', 'de 15H00 à', 'de 11H00 à', '', 'de 15H00 à', '08/03/2021', '05/03/2021', '09/03/2021', '08/03/2021', '', '05/03/2021', 1, 1, 1, 1, 0, 1, 'SMA', 'A-7', 'A-7', 'A-7', 'A-7', '', 'A-7', 'Analyse 4', 'Analyse 5', 'Algèbre 4', 'Mécanique', '', 'Informatiqu', 31, 31, 31, 32, 0, 22, 'S3', 66),
(68, 'de 09H00 à', 'de 17H00 à', 'de 15H00 à', 'de 11H00 à', 'de 17H00 à', 'de 15H00 à', '08/03/2021', '05/03/2021', '09/03/2021', '08/03/2021', '09/03/2021', '05/03/2021', 1, 1, 1, 1, 1, 1, 'SMA', 'A-6', 'A-6', 'A-6', 'A-6', 'A-6', 'A-6', 'Analyse 4', 'Analyse 5', 'Algèbre 4', 'Mécanique', 'Electricité 2', 'Informatiqu', 27, 27, 27, 27, 27, 27, 'S3', 64),
(69, 'de 09H00 à', 'de 17H00 à', 'de 15H00 à', 'de 11H00 à', 'de 17H00 à', 'de 15H00 à', '08/03/2021', '05/03/2021', '09/03/2021', '08/03/2021', '09/03/2021', '05/03/2021', 1, 1, 1, 1, 1, 1, 'SMA', 'A-6', 'A-6', 'A-6', 'A-6', 'A-6', 'A-6', 'Analyse 4', 'Analyse 5', 'Algèbre 4', 'Mécanique', 'Electricité 2', 'Informatiqu', 29, 29, 29, 29, 29, 29, 'S3', 69),
(70, 'de 09H00 à', '', '', 'de 11H00 à', '', '', '08/03/2021', '', '', '08/03/2021', '', '', 1, 0, 0, 1, 0, 0, 'SMA', 'A-8', '', '', 'A-8', '', '', 'Analyse 4', '', '', 'Mécanique', '', '', 36, 0, 0, 23, 0, 0, 'S3', 70),
(71, 'de 09H00 à', 'de 17H00 à', 'de 15H00 à', 'de 11H00 à', 'de 17H00 à', 'de 15H00 à', '08/03/2021', '05/03/2021', '09/03/2021', '08/03/2021', '09/03/2021', '05/03/2021', 1, 1, 1, 1, 1, 1, 'SMA', 'A-6', 'A-6', 'A-6', 'A-6', 'A-6', 'A-6', 'Analyse 4', 'Analyse 5', 'Algèbre 4', 'Mécanique', 'Electricité 2', 'Informatiqu', 30, 30, 30, 30, 30, 30, 'S3', 71),
(72, 'de 09H00 à', 'de 17H00 à', 'de 15H00 à', 'de 11H00 à', 'de 17H00 à', '', '08/03/2021', '05/03/2021', '09/03/2021', '08/03/2021', '09/03/2021', '', 1, 1, 1, 1, 1, 0, 'SMA', 'A-7', 'A-7', 'A-7', 'A-7', 'A-7', '', 'Analyse 4', 'Analyse 5', 'Algèbre 4', 'Mécanique', 'Electricité 2', '', 32, 32, 32, 33, 32, 0, 'S3', 72),
(73, 'de 09H00 à', '', 'de 15H00 à', 'de 11H00 à', 'de 17H00 à', '', '08/03/2021', '', '09/03/2021', '08/03/2021', '09/03/2021', '', 1, 0, 1, 1, 1, 0, 'SMA', 'A-8', '', 'A-8', 'A-8', 'A-8', '', 'Analyse 4', '', 'Algèbre 4', 'Mécanique', 'Electricité 2', '', 10, 0, 14, 10, 6, 0, 'S3', 74),
(74, 'de 09H00 à', 'de 17H00 à', 'de 15H00 à', 'de 11H00 à', 'de 17H00 à', 'de 15H00 à', '08/03/2021', '05/03/2021', '09/03/2021', '08/03/2021', '09/03/2021', '05/03/2021', 1, 1, 1, 1, 1, 1, 'SMA', 'A-6', 'A-6', 'A-6', 'A-6', 'A-6', 'A-6', 'Analyse 4', 'Analyse 5', 'Algèbre 4', 'Mécanique', 'Electricité 2', 'Informatiqu', 31, 31, 31, 31, 31, 31, 'S3', 73),
(75, 'de 09H00 à', 'de 17H00 à', 'de 15H00 à', 'de 11H00 à', 'de 17H00 à', 'de 15H00 à', '08/03/2021', '05/03/2021', '09/03/2021', '08/03/2021', '09/03/2021', '05/03/2021', 1, 1, 1, 1, 1, 1, 'SMA', 'A-6', 'A-6', 'A-6', 'A-6', 'A-6', 'A-6', 'Analyse 4', 'Analyse 5', 'Algèbre 4', 'Mécanique', 'Electricité 2', 'Informatiqu', 32, 32, 32, 32, 32, 32, 'S3', 75),
(76, 'de 09H00 à', 'de 17H00 à', 'de 15H00 à', 'de 11H00 à', 'de 17H00 à', 'de 15H00 à', '08/03/2021', '05/03/2021', '09/03/2021', '08/03/2021', '09/03/2021', '05/03/2021', 1, 1, 1, 1, 1, 1, 'SMA', 'A-6', 'A-6', 'A-6', 'A-6', 'A-6', 'A-6', 'Analyse 4', 'Analyse 5', 'Algèbre 4', 'Mécanique', 'Electricité 2', 'Informatiqu', 28, 28, 28, 28, 28, 28, 'S3', 76),
(77, 'de 09H00 à', '', 'de 15H00 à', '', '', 'de 15H00 à', '08/03/2021', '', '09/03/2021', '', '', '05/03/2021', 1, 0, 1, 0, 0, 1, 'SMA', 'A-8', '', 'A-8', '', '', 'A-7', 'Analyse 4', '', 'Algèbre 4', '', '', 'Informatiqu', 25, 0, 26, 0, 0, 27, 'S3', 77),
(78, '', '', '', '', '', 'de 15H00 à', '', '', '', '', '', '05/03/2021', 0, 0, 0, 0, 0, 1, 'SMA', '', '', '', '', '', 'A-8', '', '', '', '', '', 'Informatiqu', 0, 0, 0, 0, 0, 19, 'S3', 79),
(79, '', '', '', '', 'de 17H00 à', '', '', '', '', '', '09/03/2021', '', 0, 0, 0, 0, 1, 0, 'SMA', '', '', '', '', 'A-8', '', '', '', '', '', 'Electricité 2', '', 0, 0, 0, 0, 23, 0, 'S3', 82),
(80, 'de 09H00 à', 'de 17H00 à', 'de 15H00 à', 'de 11H00 à', 'de 17H00 à', 'de 15H00 à', '08/03/2021', '05/03/2021', '09/03/2021', '08/03/2021', '09/03/2021', '05/03/2021', 1, 1, 1, 1, 1, 1, 'SMA', 'A-6', 'A-6', 'A-6', 'A-6', 'A-6', 'A-6', 'Analyse 4', 'Analyse 5', 'Algèbre 4', 'Mécanique', 'Electricité 2', 'Informatiqu', 33, 33, 33, 33, 33, 33, 'S3', 78),
(81, '', '', 'de 15H00 à', 'de 11H00 à', '', '', '', '', '09/03/2021', '08/03/2021', '', '', 0, 0, 1, 1, 0, 0, 'SMA', '', '', 'A-8', 'A-8', '', '', '', '', 'Algèbre 4', 'Mécanique', '', '', 0, 0, 31, 25, 0, 0, 'S3', 83),
(82, '', 'de 17H00 à', '', 'de 11H00 à', '', '', '', '05/03/2021', '', '08/03/2021', '', '', 0, 1, 0, 1, 0, 0, 'SMA', '', 'A-8', '', 'A-8', '', '', '', 'Analyse 5', '', 'Mécanique', '', '', 0, 33, 0, 24, 0, 0, 'S3', 80),
(83, 'de 09H00 à', 'de 17H00 à', 'de 15H00 à', 'de 11H00 à', 'de 17H00 à', 'de 15H00 à', '08/03/2021', '05/03/2021', '09/03/2021', '08/03/2021', '09/03/2021', '05/03/2021', 1, 1, 1, 1, 1, 1, 'SMA', 'A-6', 'A-6', 'A-6', 'A-6', 'A-6', 'A-6', 'Analyse 4', 'Analyse 5', 'Algèbre 4', 'Mécanique', 'Electricité 2', 'Informatiqu', 34, 34, 34, 34, 34, 34, 'S3', 81),
(84, '', '', '', '', 'de 17H00 à', 'de 15H00 à', '', '', '', '', '09/03/2021', '05/03/2021', 0, 0, 0, 0, 1, 1, 'SMA', '', '', '', '', 'A-8', 'A-8', '', '', '', '', 'Electricité 2', 'Informatiqu', 0, 0, 0, 0, 16, 12, 'S3', 85),
(85, '', '', '', '', 'de 17H00 à', '', '', '', '', '', '09/03/2021', '', 0, 0, 0, 0, 1, 0, 'SMA', '', '', '', '', 'A-8', '', '', '', '', '', 'Electricité 2', '', 0, 0, 0, 0, 24, 0, 'S3', 86),
(86, 'de 09H00 à', '', 'de 15H00 à', 'de 11H00 à', '', '', '08/03/2021', '', '09/03/2021', '08/03/2021', '', '', 1, 0, 1, 1, 0, 0, 'SMA', 'A-8', '', 'A-8', 'A-8', '', '', 'Analyse 4', '', 'Algèbre 4', 'Mécanique', '', '', 26, 0, 27, 20, 0, 0, 'S3', 87),
(87, 'de 09H00 à', 'de 17H00 à', 'de 15H00 à', 'de 11H00 à', 'de 17H00 à', 'de 15H00 à', '08/03/2021', '05/03/2021', '09/03/2021', '08/03/2021', '09/03/2021', '05/03/2021', 1, 1, 1, 1, 1, 1, 'SMA', 'A-6', 'A-6', 'A-6', 'A-6', 'A-6', 'A-6', 'Analyse 4', 'Analyse 5', 'Algèbre 4', 'Mécanique', 'Electricité 2', 'Informatiqu', 35, 35, 35, 35, 35, 35, 'S3', 84),
(88, 'de 09H00 à', 'de 17H00 à', 'de 15H00 à', '', '', 'de 15H00 à', '08/03/2021', '05/03/2021', '09/03/2021', '', '', '05/03/2021', 1, 1, 1, 0, 0, 1, 'SMA', 'A-8', 'A-8', 'A-8', '', '', 'A-8', 'Analyse 4', 'Analyse 5', 'Algèbre 4', '', '', 'Informatiqu', 11, 11, 15, 0, 0, 7, 'S3', 89),
(89, 'de 09H00 à', 'de 17H00 à', 'de 15H00 à', 'de 11H00 à', '', '', '08/03/2021', '05/03/2021', '09/03/2021', '08/03/2021', '', '', 1, 1, 1, 1, 0, 0, 'SMA', 'A-8', 'A-8', 'A-8', 'A-8', '', '', 'Analyse 4', 'Analyse 5', 'Algèbre 4', 'Mécanique', '', '', 12, 12, 16, 11, 0, 0, 'S3', 90),
(90, 'de 09H00 à', 'de 17H00 à', 'de 15H00 à', 'de 11H00 à', 'de 17H00 à', 'de 15H00 à', '08/03/2021', '05/03/2021', '09/03/2021', '08/03/2021', '09/03/2021', '05/03/2021', 1, 1, 1, 1, 1, 1, 'SMA', 'A-6', 'A-6', 'A-6', 'A-6', 'A-6', 'A-6', 'Analyse 4', 'Analyse 5', 'Algèbre 4', 'Mécanique', 'Electricité 2', 'Informatiqu', 36, 36, 36, 36, 36, 36, 'S3', 88),
(91, 'de 09H00 à', 'de 17H00 à', 'de 15H00 à', 'de 11H00 à', 'de 17H00 à', 'de 15H00 à', '08/03/2021', '05/03/2021', '09/03/2021', '08/03/2021', '09/03/2021', '05/03/2021', 1, 1, 1, 1, 1, 1, 'SMA', 'A-6', 'A-6', 'A-6', 'A-6', 'A-6', 'A-6', 'Analyse 4', 'Analyse 5', 'Algèbre 4', 'Mécanique', 'Electricité 2', 'Informatiqu', 38, 38, 38, 38, 38, 38, 'S3', 91),
(92, 'de 09H00 à', 'de 17H00 à', 'de 15H00 à', 'de 11H00 à', 'de 17H00 à', '', '08/03/2021', '05/03/2021', '09/03/2021', '08/03/2021', '09/03/2021', '', 1, 1, 1, 1, 1, 0, 'SMA', 'A-7', 'A-7', 'A-7', 'A-7', 'A-7', '', 'Analyse 4', 'Analyse 5', 'Algèbre 4', 'Mécanique', 'Electricité 2', '', 33, 33, 33, 34, 33, 0, 'S3', 92),
(93, 'de 09H00 à', 'de 17H00 à', 'de 15H00 à', 'de 11H00 à', 'de 17H00 à', 'de 15H00 à', '08/03/2021', '05/03/2021', '09/03/2021', '08/03/2021', '09/03/2021', '05/03/2021', 1, 1, 1, 1, 1, 1, 'SMA', 'A-6', 'A-6', 'A-6', 'A-6', 'A-6', 'A-6', 'Analyse 4', 'Analyse 5', 'Algèbre 4', 'Mécanique', 'Electricité 2', 'Informatiqu', 40, 40, 40, 40, 40, 40, 'S3', 94),
(94, 'de 09H00 à', 'de 17H00 à', 'de 15H00 à', 'de 11H00 à', 'de 17H00 à', 'de 15H00 à', '08/03/2021', '05/03/2021', '09/03/2021', '08/03/2021', '09/03/2021', '05/03/2021', 1, 1, 1, 1, 1, 1, 'SMA', 'A-6', 'A-6', 'A-6', 'A-6', 'A-6', 'A-6', 'Analyse 4', 'Analyse 5', 'Algèbre 4', 'Mécanique', 'Electricité 2', 'Informatiqu', 37, 37, 37, 37, 37, 37, 'S3', 95),
(95, 'de 09H00 à', 'de 17H00 à', 'de 15H00 à', 'de 11H00 à', 'de 17H00 à', 'de 15H00 à', '08/03/2021', '05/03/2021', '09/03/2021', '08/03/2021', '09/03/2021', '05/03/2021', 1, 1, 1, 1, 1, 1, 'SMA', 'A-6', 'A-6', 'A-6', 'A-6', 'A-6', 'A-6', 'Analyse 4', 'Analyse 5', 'Algèbre 4', 'Mécanique', 'Electricité 2', 'Informatiqu', 41, 41, 41, 41, 41, 41, 'S3', 96),
(96, '', '', '', '', '', 'de 15H00 à', '', '', '', '', '', '05/03/2021', 0, 0, 0, 0, 0, 1, 'SMA', '', '', '', '', '', 'A-8', '', '', '', '', '', 'Informatiqu', 0, 0, 0, 0, 0, 20, 'S3', 100),
(97, 'de 09H00 à', 'de 17H00 à', 'de 15H00 à', 'de 11H00 à', 'de 17H00 à', 'de 15H00 à', '08/03/2021', '05/03/2021', '09/03/2021', '08/03/2021', '09/03/2021', '05/03/2021', 1, 1, 1, 1, 1, 1, 'SMA', 'A-6', 'A-6', 'A-6', 'A-6', 'A-6', 'A-6', 'Analyse 4', 'Analyse 5', 'Algèbre 4', 'Mécanique', 'Electricité 2', 'Informatiqu', 42, 42, 42, 42, 42, 42, 'S3', 97),
(98, '', 'de 17H00 à', 'de 15H00 à', 'de 11H00 à', '', '', '', '05/03/2021', '09/03/2021', '08/03/2021', '', '', 0, 1, 1, 1, 0, 0, 'SMA', '', 'A-8', 'A-8', 'A-8', '', '', '', 'Analyse 5', 'Algèbre 4', 'Mécanique', '', '', 0, 24, 28, 21, 0, 0, 'S3', 99),
(99, 'de 09H00 à', 'de 17H00 à', '', '', 'de 17H00 à', 'de 15H00 à', '08/03/2021', '05/03/2021', '', '', '09/03/2021', '05/03/2021', 1, 1, 0, 0, 1, 1, 'SMA', 'A-8', 'A-8', '', '', 'A-8', 'A-8', 'Analyse 4', 'Analyse 5', '', '', 'Electricité 2', 'Informatiqu', 13, 13, 0, 0, 7, 8, 'S3', 101),
(100, 'de 09H00 à', 'de 17H00 à', 'de 15H00 à', 'de 11H00 à', 'de 17H00 à', 'de 15H00 à', '08/03/2021', '05/03/2021', '09/03/2021', '08/03/2021', '09/03/2021', '05/03/2021', 1, 1, 1, 1, 1, 1, 'SMA', 'A-6', 'A-6', 'A-6', 'A-6', 'A-6', 'A-6', 'Analyse 4', 'Analyse 5', 'Algèbre 4', 'Mécanique', 'Electricité 2', 'Informatiqu', 39, 39, 39, 39, 39, 39, 'S3', 93),
(101, '', '', '', '', 'de 17H00 à 18H30', '', '', '', '', '', '09/03/2021', '', 0, 0, 0, 0, 1, 0, 'SMA', '', '', '', '', 'A-8', '', '', '', '', '', 'Electricité 2', '', 0, 0, 0, 0, 25, 0, 'S3', 102),
(102, 'de 09H00 à', 'de 17H00 à', 'de 15H00 à', 'de 11H00 à', 'de 17H00 à', '', '08/03/2021', '05/03/2021', '09/03/2021', '08/03/2021', '09/03/2021', '', 1, 1, 1, 1, 1, 0, 'SMA', 'A-7', 'A-7', 'A-7', 'A-7', 'A-7', '', 'Analyse 4', 'Analyse 5', 'Algèbre 4', 'Mécanique', 'Electricité 2', '', 34, 34, 34, 35, 34, 0, 'S3', 98),
(103, 'de 09H00 à', 'de 17H00 à', 'de 15H00 à', 'de 11H00 à', '', 'de 15H00 à', '08/03/2021', '05/03/2021', '09/03/2021', '08/03/2021', '', '05/03/2021', 1, 1, 1, 1, 0, 1, 'SMA', 'A-7', 'A-7', 'A-7', 'A-7', '', 'A-7', 'Analyse 4', 'Analyse 5', 'Algèbre 4', 'Mécanique', '', 'Informatiqu', 36, 36, 36, 37, 0, 23, 'S3', 103),
(104, 'de 09H00 à', 'de 17H00 à', 'de 15H00 à', 'de 11H00 à', 'de 17H00 à 18H30', '', '08/03/2021', '05/03/2021', '09/03/2021', '08/03/2021', '09/03/2021', '', 1, 1, 1, 1, 1, 0, 'SMA', 'A-7', 'A-7', 'A-7', 'A-7', 'A-7', '', 'Analyse 4', 'Analyse 5', 'Algèbre 4', 'Mécanique', 'Electricité 2', '', 35, 35, 35, 36, 35, 0, 'S3', 105),
(105, 'de 09H00 à', 'de 17H00 à', 'de 15H00 à', 'de 11H00 à', 'de 17H00 à', 'de 15H00 à', '08/03/2021', '05/03/2021', '09/03/2021', '08/03/2021', '09/03/2021', '05/03/2021', 1, 1, 1, 1, 1, 1, 'SMA', 'A-7', 'A-7', 'A-7', 'A-7', 'A-7', 'A-7', 'Analyse 4', 'Analyse 5', 'Algèbre 4', 'Mécanique', 'Electricité 2', 'Informatiqu', 2, 2, 2, 2, 2, 2, 'S3', 104),
(106, 'de 09H00 à', '', 'de 15H00 à', 'de 11H00 à', 'de 17H00 à', '', '08/03/2021', '', '09/03/2021', '08/03/2021', '09/03/2021', '', 1, 0, 1, 1, 1, 0, 'SMA', 'A-8', '', 'A-8', 'A-8', 'A-8', '', 'Analyse 4', '', 'Algèbre 4', 'Mécanique', 'Electricité 2', '', 14, 0, 17, 12, 8, 0, 'S3', 107),
(107, 'de 09H00 à', 'de 17H00 à', 'de 15H00 à', 'de 11H00 à', 'de 17H00 à', 'de 15H00 à', '08/03/2021', '05/03/2021', '09/03/2021', '08/03/2021', '09/03/2021', '05/03/2021', 1, 1, 1, 1, 1, 1, 'SMA', 'A-7', 'A-7', 'A-7', 'A-7', 'A-7', 'A-7', 'Analyse 4', 'Analyse 5', 'Algèbre 4', 'Mécanique', 'Electricité 2', 'Informatiqu', 3, 3, 3, 3, 3, 3, 'S3', 106),
(108, 'de 09H00 à', 'de 17H00 à', 'de 15H00 à', 'de 11H00 à', 'de 17H00 à', 'de 15H00 à', '08/03/2021', '05/03/2021', '09/03/2021', '08/03/2021', '09/03/2021', '05/03/2021', 1, 1, 1, 1, 1, 1, 'SMA', 'A-7', 'A-7', 'A-7', 'A-7', 'A-7', 'A-7', 'Analyse 4', 'Analyse 5', 'Algèbre 4', 'Mécanique', 'Electricité 2', 'Informatiqu', 1, 1, 1, 1, 1, 1, 'S3', 108),
(109, '', '', '', '', 'de 17H00 à', 'de 15H00 à', '', '', '', '', '09/03/2021', '05/03/2021', 0, 0, 0, 0, 1, 1, 'SMA', '', '', '', '', 'A-8', 'A-8', '', '', '', '', 'Electricité 2', 'Informatiqu', 0, 0, 0, 0, 17, 13, 'S3', 110),
(110, 'de 09H00 à', 'de 17H00 à', 'de 15H00 à', 'de 11H00 à', '', '', '08/03/2021', '05/03/2021', '09/03/2021', '08/03/2021', '', '', 1, 1, 1, 1, 0, 0, 'SMA', 'A-8', 'A-8', 'A-8', 'A-8', '', '', 'Analyse 4', 'Analyse 5', 'Algèbre 4', 'Mécanique', '', '', 15, 14, 18, 13, 0, 0, 'S3', 109),
(111, 'de 09H00 à', 'de 17H00 à', 'de 15H00 à', 'de 11H00 à', 'de 17H00 à', 'de 15H00 à', '08/03/2021', '05/03/2021', '09/03/2021', '08/03/2021', '09/03/2021', '05/03/2021', 1, 1, 1, 1, 1, 1, 'SMA', 'A-7', 'A-7', 'A-7', 'A-7', 'A-7', 'A-7', 'Analyse 4', 'Analyse 5', 'Algèbre 4', 'Mécanique', 'Electricité 2', 'Informatiqu', 4, 4, 4, 4, 4, 4, 'S3', 111),
(112, 'de 09H00 à', 'de 17H00 à', 'de 15H00 à', 'de 11H00 à', 'de 17H00 à', '', '08/03/2021', '05/03/2021', '09/03/2021', '08/03/2021', '09/03/2021', '', 1, 1, 1, 1, 1, 0, 'SMA', 'A-7', 'A-7', 'A-7', 'A-7', 'A-7', '', 'Analyse 4', 'Analyse 5', 'Algèbre 4', 'Mécanique', 'Electricité 2', '', 37, 37, 37, 38, 36, 0, 'S3', 112),
(113, 'de 09H00 à', 'de 17H00 à', 'de 15H00 à', 'de 11H00 à', 'de 17H00 à', 'de 15H00 à', '08/03/2021', '05/03/2021', '09/03/2021', '08/03/2021', '09/03/2021', '05/03/2021', 1, 1, 1, 1, 1, 1, 'SMA', 'A-7', 'A-7', 'A-7', 'A-7', 'A-7', 'A-7', 'Analyse 4', 'Analyse 5', 'Algèbre 4', 'Mécanique', 'Electricité 2', 'Informatiqu', 5, 5, 5, 5, 5, 5, 'S3', 113),
(114, 'de 09H00 à', 'de 17H00 à', '', '', '', '', '08/03/2021', '05/03/2021', '', '', '', '', 1, 1, 0, 0, 0, 0, 'SMA', 'A-8', 'A-8', '', '', '', '', 'Analyse 4', 'Analyse 5', '', '', '', '', 37, 34, 0, 0, 0, 0, 'S3', 114),
(115, '', '', '', '', '', 'de 15H00 à', '', '', '', '', '', '05/03/2021', 0, 0, 0, 0, 0, 1, 'SMA', '', '', '', '', '', 'A-8', '', '', '', '', '', 'Informatiqu', 0, 0, 0, 0, 0, 21, 'S3', 117),
(116, 'de 09H00 à', 'de 17H00 à', 'de 15H00 à', 'de 11H00 à', 'de 17H00 à', 'de 15H00 à', '08/03/2021', '05/03/2021', '09/03/2021', '08/03/2021', '09/03/2021', '05/03/2021', 1, 1, 1, 1, 1, 1, 'SMA', 'A-7', 'A-7', 'A-7', 'A-7', 'A-7', 'A-7', 'Analyse 4', 'Analyse 5', 'Algèbre 4', 'Mécanique', 'Electricité 2', 'Informatiqu', 7, 7, 7, 7, 7, 7, 'S3', 115),
(117, 'de 09H00 à', 'de 17H00 à', 'de 15H00 à', 'de 11H00 à', 'de 17H00 à', 'de 15H00 à', '08/03/2021', '05/03/2021', '09/03/2021', '08/03/2021', '09/03/2021', '05/03/2021', 1, 1, 1, 1, 1, 1, 'SMA', 'A-7', 'A-7', 'A-7', 'A-7', 'A-7', 'A-7', 'Analyse 4', 'Analyse 5', 'Algèbre 4', 'Mécanique', 'Electricité 2', 'Informatiqu', 6, 6, 6, 6, 6, 6, 'S3', 116),
(118, 'de 09H00 à', 'de 17H00 à', 'de 15H00 à', 'de 11H00 à', 'de 17H00 à', '', '08/03/2021', '05/03/2021', '09/03/2021', '08/03/2021', '09/03/2021', '', 1, 1, 1, 1, 1, 0, 'SMA', 'A-7', 'A-7', 'A-7', 'A-7', 'A-7', '', 'Analyse 4', 'Analyse 5', 'Algèbre 4', 'Mécanique', 'Electricité 2', '', 38, 38, 38, 39, 37, 0, 'S3', 118),
(119, 'de 09H00 à', 'de 17H00 à', 'de 15H00 à', 'de 11H00 à', '', '', '08/03/2021', '05/03/2021', '09/03/2021', '08/03/2021', '', '', 1, 1, 1, 1, 0, 0, 'SMA', 'A-8', 'A-8', 'A-8', 'A-8', '', '', 'Analyse 4', 'Analyse 5', 'Algèbre 4', 'Mécanique', '', '', 16, 15, 19, 14, 0, 0, 'S3', 119),
(120, 'de 09H00 à', 'de 17H00 à', 'de 15H00 à', 'de 11H00 à', 'de 17H00 à', 'de 15H00 à', '08/03/2021', '05/03/2021', '09/03/2021', '08/03/2021', '09/03/2021', '05/03/2021', 1, 1, 1, 1, 1, 1, 'SMA', 'A-7', 'A-7', 'A-7', 'A-7', 'A-7', 'A-7', 'Analyse 4', 'Analyse 5', 'Algèbre 4', 'Mécanique', 'Electricité 2', 'Informatiqu', 8, 8, 8, 8, 8, 8, 'S3', 120),
(121, '', 'de 17H00 à', '', 'de 11H00 à', '', 'de 15H00 à', '', '05/03/2021', '', '08/03/2021', '', '05/03/2021', 0, 1, 0, 1, 0, 1, 'SMA', '', 'A-8', '', 'A-8', '', 'A-8', '', 'Analyse 5', '', 'Mécanique', '', 'Informatiqu', 0, 25, 0, 22, 0, 11, 'S3', 121),
(122, '', '', '', '', 'de 17H00 à', 'de 15H00 à', '', '', '', '', '09/03/2021', '05/03/2021', 0, 0, 0, 0, 1, 1, 'SMA', '', '', '', '', 'A-8', 'A-8', '', '', '', '', 'Electricité 2', 'Informatiqu', 0, 0, 0, 0, 18, 14, 'S3', 122),
(123, '', '', '', '', 'de 17H00 à', 'de 15H00 à', '', '', '', '', '09/03/2021', '05/03/2021', 0, 0, 0, 0, 1, 1, 'SMA', '', '', '', '', 'A-8', 'A-8', '', '', '', '', 'Electricité 2', 'Informatiqu', 0, 0, 0, 0, 19, 15, 'S3', 123),
(124, 'de 09H00 à', 'de 17H00 à', 'de 15H00 à', 'de 11H00 à', 'de 17H00 à', '', '08/03/2021', '05/03/2021', '09/03/2021', '08/03/2021', '09/03/2021', '', 1, 1, 1, 1, 1, 0, 'SMA', 'A-7', 'A-7', 'A-7', 'A-7', 'A-7', '', 'Analyse 4', 'Analyse 5', 'Algèbre 4', 'Mécanique', 'Electricité 2', '', 39, 39, 39, 40, 38, 0, 'S3', 124),
(125, '', '', 'de 15H00 à', '', '', '', '', '', '09/03/2021', '', '', '', 0, 0, 1, 0, 0, 0, 'SMA', '', '', 'A-8', '', '', '', '', '', 'Algèbre 4', '', '', '', 0, 0, 32, 0, 0, 0, 'S3', 126),
(126, 'de 09H00 à', 'de 17H00 à', 'de 15H00 à', '', 'de 17H00 à', 'de 15H00 à', '08/03/2021', '05/03/2021', '09/03/2021', '', '09/03/2021', '05/03/2021', 1, 1, 1, 0, 1, 1, 'SMA', 'A-7', 'A-7', 'A-7', '', 'A-7', 'A-7', 'Analyse 4', 'Analyse 5', 'Algèbre 4', '', 'Electricité 2', 'Informatiqu', 40, 40, 40, 0, 39, 24, 'S3', 125),
(127, 'de 09H00 à', '', '', '', 'de 17H00 à', 'de 15H00 à', '08/03/2021', '', '', '', '09/03/2021', '05/03/2021', 1, 0, 0, 0, 1, 1, 'SMA', 'A-8', '', '', '', 'A-8', 'A-7', 'Analyse 4', '', '', '', 'Electricité 2', 'Informatiqu', 27, 0, 0, 0, 12, 28, 'S3', 127),
(128, 'de 09H00 à', 'de 17H00 à', '', 'de 11H00 à', 'de 17H00 à', '', '08/03/2021', '05/03/2021', '', '08/03/2021', '09/03/2021', '', 1, 1, 0, 1, 1, 0, 'SMA', 'A-8', 'A-8', '', 'A-8', 'A-8', '', 'Analyse 4', 'Analyse 5', '', 'Mécanique', 'Electricité 2', '', 17, 16, 0, 15, 9, 0, 'S3', 128),
(129, 'de 09H00 à', 'de 17H00 à', 'de 15H00 à', 'de 11H00 à', 'de 17H00 à', 'de 15H00 à', '08/03/2021', '05/03/2021', '09/03/2021', '08/03/2021', '09/03/2021', '05/03/2021', 1, 1, 1, 1, 1, 1, 'SMA', 'A-7', 'A-7', 'A-7', 'A-7', 'A-7', 'A-7', 'Analyse 4', 'Analyse 5', 'Algèbre 4', 'Mécanique', 'Electricité 2', 'Informatiqu', 9, 9, 9, 9, 9, 9, 'S3', 129),
(130, 'de 09H00 à', 'de 17H00 à', '', '', 'de 17H00 à', '', '08/03/2021', '05/03/2021', '', '', '09/03/2021', '', 1, 1, 0, 0, 1, 0, 'SMA', 'A-8', 'A-8', '', '', 'A-8', '', 'Analyse 4', 'Analyse 5', '', '', 'Electricité 2', '', 28, 26, 0, 0, 13, 0, 'S3', 130),
(131, 'de 09H00 à', 'de 17H00 à', 'de 15H00 à', 'de 11H00 à', '', '', '08/03/2021', '05/03/2021', '09/03/2021', '08/03/2021', '', '', 1, 1, 1, 1, 0, 0, 'SMA', 'A-8', 'A-8', 'A-8', 'A-8', '', '', 'Analyse 4', 'Analyse 5', 'Algèbre 4', 'Mécanique', '', '', 18, 17, 20, 16, 0, 0, 'S3', 131),
(132, 'de 09H00 à', 'de 17H00 à', 'de 15H00 à', 'de 11H00 à', 'de 17H00 à', 'de 15H00 à', '08/03/2021', '05/03/2021', '09/03/2021', '08/03/2021', '09/03/2021', '05/03/2021', 1, 1, 1, 1, 1, 1, 'SMA', 'A-7', 'A-7', 'A-7', 'A-7', 'A-7', 'A-7', 'Analyse 4', 'Analyse 5', 'Algèbre 4', 'Mécanique', 'Electricité 2', 'Informatiqu', 11, 11, 11, 11, 11, 11, 'S3', 133),
(133, 'de 09H00 à', 'de 17H00 à', 'de 15H00 à', 'de 11H00 à', '', '', '08/03/2021', '05/03/2021', '09/03/2021', '08/03/2021', '', '', 1, 1, 1, 1, 0, 0, 'SMA', 'A-8', 'A-8', 'A-8', 'A-8', '', '', 'Analyse 4', 'Analyse 5', 'Algèbre 4', 'Mécanique', '', '', 19, 18, 21, 17, 0, 0, 'S3', 134),
(134, 'de 09H00 à', 'de 17H00 à', 'de 15H00 à', 'de 11H00 à', 'de 17H00 à', 'de 15H00 à', '08/03/2021', '05/03/2021', '09/03/2021', '08/03/2021', '09/03/2021', '05/03/2021', 1, 1, 1, 1, 1, 1, 'SMA', 'A-7', 'A-7', 'A-7', 'A-7', 'A-7', 'A-7', 'Analyse 4', 'Analyse 5', 'Algèbre 4', 'Mécanique', 'Electricité 2', 'Informatiqu', 13, 13, 13, 13, 13, 13, 'S3', 135),
(135, 'de 09H00 à', 'de 17H00 à', 'de 15H00 à', 'de 11H00 à', 'de 17H00 à 18H30', '', '08/03/2021', '05/03/2021', '09/03/2021', '08/03/2021', '09/03/2021', '', 1, 1, 1, 1, 1, 0, 'SMA', 'A-7', 'A-7', 'A-7', 'A-7', 'A-7', '', 'Analyse 4', 'Analyse 5', 'Algèbre 4', 'Mécanique', 'Electricité 2', '', 41, 41, 41, 41, 40, 0, 'S3', 136),
(136, 'de 09H00 à', 'de 17H00 à', 'de 15H00 à', 'de 11H00 à', 'de 17H00 à', 'de 15H00 à', '08/03/2021', '05/03/2021', '09/03/2021', '08/03/2021', '09/03/2021', '05/03/2021', 1, 1, 1, 1, 1, 1, 'SMA', 'A-7', 'A-7', 'A-7', 'A-7', 'A-7', 'A-7', 'Analyse 4', 'Analyse 5', 'Algèbre 4', 'Mécanique', 'Electricité 2', 'Informatiqu', 10, 10, 10, 10, 10, 10, 'S3', 132),
(137, 'de 09H00 à', 'de 17H00 à', 'de 15H00 à', 'de 11H00 à', 'de 17H00 à', 'de 15H00 à', '08/03/2021', '05/03/2021', '09/03/2021', '08/03/2021', '09/03/2021', '05/03/2021', 1, 1, 1, 1, 1, 1, 'SMA', 'A-7', 'A-7', 'A-7', 'A-7', 'A-7', 'A-7', 'Analyse 4', 'Analyse 5', 'Algèbre 4', 'Mécanique', 'Electricité 2', 'Informatiqu', 12, 12, 12, 12, 12, 12, 'S3', 137),
(138, '', '', '', '', 'de 17H00 à 18H30', '', '', '', '', '', '09/03/2021', '', 0, 0, 0, 0, 1, 0, 'SMA', '', '', '', '', 'A-8', '', '', '', '', '', 'Electricité 2', '', 0, 0, 0, 0, 26, 0, 'S3', 138),
(139, 'de 09H00 à', '', '', '', '', '', '08/03/2021', '', '', '', '', '', 1, 0, 0, 0, 0, 0, 'SMA', 'A-8', '', '', '', '', '', 'Analyse 4', '', '', '', '', '', 39, 0, 0, 0, 0, 0, 'S3', 139),
(140, 'de 09H00 à', 'de 17H00 à', 'de 15H00 à', '', '', '', '08/03/2021', '05/03/2021', '09/03/2021', '', '', '', 1, 1, 1, 0, 0, 0, 'SMA', 'A-8', 'A-8', 'A-8', '', '', '', 'Analyse 4', 'Analyse 5', 'Algèbre 4', '', '', '', 29, 27, 29, 0, 0, 0, 'S3', 140),
(141, 'de 09H00 à', 'de 17H00 à', 'de 15H00 à', 'de 11H00 à', 'de 17H00 à', 'de 15H00 à', '08/03/2021', '05/03/2021', '09/03/2021', '08/03/2021', '09/03/2021', '05/03/2021', 1, 1, 1, 1, 1, 1, 'SMA', 'A-7', 'A-7', 'A-7', 'A-7', 'A-7', 'A-7', 'Analyse 4', 'Analyse 5', 'Algèbre 4', 'Mécanique', 'Electricité 2', 'Informatiqu', 15, 15, 15, 15, 15, 15, 'S3', 142),
(142, 'de 09H00 à', 'de 17H00 à', 'de 15H00 à', 'de 11H00 à', 'de 17H00 à 18H30', '', '08/03/2021', '05/03/2021', '09/03/2021', '08/03/2021', '09/03/2021', '', 1, 1, 1, 1, 1, 0, 'SMA', 'A-7', 'A-7', 'A-7', 'A-7', 'A-7', '', 'Analyse 4', 'Analyse 5', 'Algèbre 4', 'Mécanique', 'Electricité 2', '', 42, 42, 42, 42, 41, 0, 'S3', 143),
(143, '', '', '', '', 'de 17H00 à 18H30', '', '', '', '', '', '09/03/2021', '', 0, 0, 0, 0, 1, 0, 'SMA', '', '', '', '', 'A-8', '', '', '', '', '', 'Electricité 2', '', 0, 0, 0, 0, 27, 0, 'S3', 144),
(144, 'de 09H00 à', 'de 17H00 à', 'de 15H00 à', 'de 11H00 à', 'de 17H00 à', 'de 15H00 à', '08/03/2021', '05/03/2021', '09/03/2021', '08/03/2021', '09/03/2021', '05/03/2021', 1, 1, 1, 1, 1, 1, 'SMA', 'A-7', 'A-7', 'A-7', 'A-7', 'A-7', 'A-7', 'Analyse 4', 'Analyse 5', 'Algèbre 4', 'Mécanique', 'Electricité 2', 'Informatiqu', 14, 14, 14, 14, 14, 14, 'S3', 141),
(145, 'de 09H00 à', '', 'de 15H00 à', 'de 11H00 à', 'de 17H00 à', 'de 15H00 à', '08/03/2021', '', '09/03/2021', '08/03/2021', '09/03/2021', '05/03/2021', 1, 0, 1, 1, 1, 1, 'SMA', 'A-8', '', 'A-8', 'A-8', 'A-8', 'A-8', 'Analyse 4', '', 'Algèbre 4', 'Mécanique', 'Electricité 2', 'Informatiqu', 1, 0, 1, 1, 1, 1, 'S3', 145),
(146, '', '', '', '', 'de 17H00 à 18H30', '', '', '', '', '', '09/03/2021', '', 0, 0, 0, 0, 1, 0, 'SMA', '', '', '', '', 'A-8', '', '', '', '', '', 'Electricité 2', '', 0, 0, 0, 0, 28, 0, 'S3', 147),
(147, 'de 09H00 à', 'de 17H00 à', 'de 15H00 à', '', '', '', '08/03/2021', '05/03/2021', '09/03/2021', '', '', '', 1, 1, 1, 0, 0, 0, 'SMA', 'A-8', 'A-8', 'A-8', '', '', '', 'Analyse 4', 'Analyse 5', 'Algèbre 4', '', '', '', 30, 28, 30, 0, 0, 0, 'S3', 146),
(148, 'de 09H00 à', 'de 17H00 à', 'de 15H00 à', 'de 11H00 à', 'de 17H00 à', 'de 15H00 à', '08/03/2021', '05/03/2021', '09/03/2021', '08/03/2021', '09/03/2021', '05/03/2021', 1, 1, 1, 1, 1, 1, 'SMA', 'A-7', 'A-7', 'A-7', 'A-7', 'A-7', 'A-7', 'Analyse 4', 'Analyse 5', 'Algèbre 4', 'Mécanique', 'Electricité 2', 'Informatiqu', 18, 18, 18, 18, 18, 18, 'S3', 150),
(149, 'de 09H00 à', 'de 17H00 à', 'de 15H00 à', 'de 11H00 à', 'de 17H00 à', 'de 15H00 à', '08/03/2021', '05/03/2021', '09/03/2021', '08/03/2021', '09/03/2021', '05/03/2021', 1, 1, 1, 1, 1, 1, 'SMA', 'A-7', 'A-7', 'A-7', 'A-7', 'A-7', 'A-7', 'Analyse 4', 'Analyse 5', 'Algèbre 4', 'Mécanique', 'Electricité 2', 'Informatiqu', 16, 16, 16, 16, 16, 16, 'S3', 148),
(150, 'de 09H00 à', 'de 17H00 à', 'de 15H00 à', 'de 11H00 à', 'de 17H00 à', 'de 15H00 à', '08/03/2021', '05/03/2021', '09/03/2021', '08/03/2021', '09/03/2021', '05/03/2021', 1, 1, 1, 1, 1, 1, 'SMA', 'A-7', 'A-7', 'A-7', 'A-7', 'A-7', 'A-7', 'Analyse 4', 'Analyse 5', 'Algèbre 4', 'Mécanique', 'Electricité 2', 'Informatiqu', 17, 17, 17, 17, 17, 17, 'S3', 149);

-- --------------------------------------------------------

--
-- Table structure for table `etudiants`
--

CREATE TABLE `etudiants` (
  `email` varchar(255) DEFAULT NULL,
  `n_apo` bigint(20) DEFAULT NULL,
  `password` varchar(255) DEFAULT NULL,
  `personne_id` int(11) NOT NULL
) ENGINE=InnoDB DEFAULT CHARSET=utf8mb4 COLLATE=utf8mb4_general_ci;

--
-- Dumping data for table `etudiants`
--

INSERT INTO `etudiants` (`email`, `n_apo`, `password`, `personne_id`) VALUES
('MustaphaD1100379634email.com', 1904083, '123', 1),
('OTTMANEG1343859242email.com', 1714341, '123', 2),
('TAHAG1410401676email.com', 1818829, '123', 3),
('ALIG1305179634email.com', 1714859, '123', 4),
('LAYLAD1328678171email.com', 1818830, '123', 5),
('MOUAADD1374612384email.com', 1822644, '123', 6),
('MOHCINEZ1645010154email.com', 1615581, '123', 7),
('AyoubD1300269311email.com', 1904037, '123', 8),
('AbdelhakimG1351162728email.com', 1903917, '123', 9),
('NOUR ED-15151265278email.com', 1501329, '123', 10),
('SOUMAYAG1334339895email.com', 1822645, '123', 11),
('NajatG1380749776email.com', 1903926, '123', 12),
('YassirG1382087533email.com', 1904050, '123', 13),
('DoniaD1420493721email.com', 1903856, '123', 14),
('YacineG1410490854email.com', 1903920, '123', 15),
('YOUSRAL1302427310email.com', 1719516, '123', 16),
('IMANEG1490421125email.com', 1818838, '123', 17),
('KHAOULAG1326112140email.com', 1714869, '123', 18),
('FATIMAD1311816799email.com', 1822657, '123', 19),
('MOUADG1355214837email.com', 1822658, '123', 20),
('HASSANZ1845002682email.com', 1818843, '123', 21),
('HassanG1362877051email.com', 1903929, '123', 22),
('FAYCALG1328406869email.com', 1714874, '123', 23),
('FATIMA EZG1383410929email.com', 1822659, '123', 24),
('AYYOUBG1343796245email.com', 1822660, '123', 25),
('ABDELILAHG1396010982email.com', 1818846, '123', 26),
('IbtissamG1430459499email.com', 1903921, '123', 27),
('AMINEG1355397426email.com', 1616119, '123', 28),
('CHARLESX1900003759email.com', 1915563, '123', 29),
('RachidaG1360154464email.com', 1903892, '123', 30),
('MOHCINEG1361163758email.com', 1822682, '123', 31),
('HAMZAG1374748854email.com', 1822681, '123', 32),
('IsmailG1450536647email.com', 1904054, '123', 33),
('OTMANG1306093482email.com', 1818853, '123', 34),
('ACHRAFG1386010910email.com', 1822683, '123', 35),
('AbdelazizD1378961989email.com', 1903984, '123', 36),
('MOHAMMEK1314193885email.com', 1818854, '123', 37),
('AHMEDX1900004574email.com', 1924502, '123', 38),
('AyoubD1303584894email.com', 1903944, '123', 39),
('ABDELLAHK1430425940email.com', 1818856, '123', 40),
('IbtissamD1303054518email.com', 1903880, '123', 41),
('SAID15130709445email.com', 1558025, '123', 42),
('BTISSAMG1373158119email.com', 1714358, '123', 43),
('LeilaG1400212980email.com', 1903877, '123', 44),
('SOUFIANG1323986387email.com', 1818858, '123', 45),
('LOUBNAC1300199485email.com', 1924505, '123', 46),
('SIHAMG1340309222email.com', 1822691, '123', 47),
('SANAAG1420579866email.com', 1616131, '123', 48),
('MhamedD1368961313email.com', 1903978, '123', 49),
('NaoufalG1364800322email.com', 1903910, '123', 50),
('ChaimaaG1368003484email.com', 1904088, '123', 51),
('HOURIAG1385162338email.com', 1714360, '123', 52),
('YoussefG1314247496email.com', 1903887, '123', 53),
('MARIEMG1397898260email.com', 1818860, '123', 54),
('AbdelilahK130038789email.com', 1903894, '123', 55),
('KHADIJAG1394230870email.com', 1818861, '123', 56),
('HassanZ197800006email.com', 1903897, '123', 57),
('YOUSSEFG1365936847email.com', 1822693, '123', 58),
('MOHAMMEZ1829001571email.com', 1818866, '123', 59),
('MUSTAPHAB1390155677email.com', 1822698, '123', 60),
('FATIMA ZAZ1745026116email.com', 1714891, '123', 61),
('FATIMAG1343953957email.com', 1822700, '123', 62),
('TfarahC1300130272email.com', 1903943, '123', 63),
('LOUBNAD1382093248email.com', 1714367, '123', 64),
('ABDELLAHG1336748695email.com', 1822703, '123', 65),
('IKRAMD1471446281email.com', 1818874, '123', 66),
('MOHAMMEG1354150699email.com', 1822706, '123', 67),
('YASSINEK1334914358email.com', 1822704, '123', 68),
('JamalK1374002550email.com', 1903931, '123', 69),
('HASNAD147028208email.com', 1714370, '123', 70),
('AbdellahG1351385429email.com', 1903886, '123', 71),
('CHAIMAAG1460070412email.com', 1822712, '123', 72),
('MouadD1388868959email.com', 1903895, '123', 73),
('KHADIJAG1312831368email.com', 1615535, '123', 74),
('AhmedG142034925email.com', 1904007, '123', 75),
('AyoubD1397393880email.com', 1903981, '123', 76),
('NOURAD1440261162email.com', 1714898, '123', 77),
('MohammedG1367904298email.com', 1904066, '123', 78),
('NisrineG136800114email.com', 1903911, '123', 79),
('SABAHB1390259276email.com', 1714376, '123', 80),
('ISMAILG139306824email.com', 1818880, '123', 81),
('Fatima EzzG1352179555email.com', 1904032, '123', 82),
('SAFAG1346237268email.com', 1714900, '123', 83),
('LamyaaG1333557241email.com', 1904052, '123', 84),
('SAIDD1333332377email.com', 1822723, '123', 85),
('HindG1353723740email.com', 1903967, '123', 86),
('AHMEDZ168400535email.com', 1615587, '123', 87),
('YoussefZ1902002486email.com', 1903874, '123', 88),
('MOHAMEDZ1843004021email.com', 1818884, '123', 89),
('SOUADD1334024353email.com', 1818887, '123', 90),
('MaryamD1358574875email.com', 1903959, '123', 91),
('ILYESSL1410127648email.com', 1822726, '123', 92),
('Fatima EzzL1392693127email.com', 1903941, '123', 93),
('SOUKAINAG1308315188email.com', 1822729, '123', 94),
('EL MAHJOB1300277944email.com', 1818889, '123', 95),
('ABDELKERG1336644877email.com', 1818893, '123', 96),
('AbderrahimG1460098228email.com', 1904033, '123', 97),
('AYOUBL1333543152email.com', 1822730, '123', 98),
('YAHYAK1341696083email.com', 1822735, '123', 99),
('MariaG1335422355email.com', 1903861, '123', 100),
('AbdelhadiG1346681480email.com', 1903994, '123', 101),
('WENDYAMX190000373email.com', 1921605, '123', 102),
('YOUSSEFB1330277963email.com', 1818900, '123', 103),
('AichaG133080373email.com', 1903906, '123', 104),
('OutmaneG1374279420email.com', 1904048, '123', 105),
('FATIMA-ZA15120693922email.com', 1558086, '123', 106),
('NAJATG1348222084email.com', 1616174, '123', 107),
('ABDOUL-WX1900003743email.com', 1921607, '123', 108),
('DRISSD1378997715email.com', 1818905, '123', 109),
('SmailG1311572512email.com', 1903873, '123', 110),
('Az-eddineG1372593451email.com', 1904016, '123', 111),
('ABDERRAZG1324222171email.com', 1818909, '123', 112),
('ELMUSTAPZ1827008737email.com', 1818910, '123', 113),
('AnasseG1347504338email.com', 1903883, '123', 114),
('LamyaaD1378610880email.com', 1903958, '123', 115),
('KAOUTARG1314177423email.com', 1714394, '123', 116),
('BoutainaL139345748email.com', 1904004, '123', 117),
('AZEDDINEZ1745001232email.com', 1714396, '123', 118),
('BRAHIMG1470237862email.com', 1822743, '123', 119),
('AbdeljalilG1334023167email.com', 1903858, '123', 120),
('KHALIDZ1745028150email.com', 1714915, '123', 121),
('SamiG1348366872email.com', 1904056, '123', 122),
('AZ-EDDINEG1400402742email.com', 1818914, '123', 123),
('AYMENG1362118790email.com', 1818912, '123', 124),
('SOUFIANEG1480402399email.com', 1818915, '123', 125),
('SanaeL1331021768email.com', 1903955, '123', 126),
('HassanG1344843245email.com', 1903965, '123', 127),
('ABDERRAG1365387310email.com', 1615556, '123', 128),
('FatimaG1315667286email.com', 1903988, '123', 129),
('MOHAMMEG1396005673email.com', 1924503, '123', 130),
('KHALIDD1308680035email.com', 1822756, '123', 131),
('BrahimG1312902858email.com', 1903960, '123', 132),
('ABDEL-ILAZ1945007647email.com', 1924525, '123', 133),
('RACHIDZ1645020278email.com', 1616189, '123', 134),
('SOUKAINAD1344135993email.com', 1818925, '123', 135),
('OumaimaG1381444746email.com', 1903925, '123', 136),
('HibaC1300137330email.com', 1904095, '123', 137),
('SohailaD1379144536email.com', 1904010, '123', 138),
('BrahimC1300845578email.com', 1904086, '123', 139),
('YounesG1371439180email.com', 1903893, '123', 140),
('YOUSSEFZ1827004395email.com', 1818926, '123', 141),
('KOUDADIMX1900003795email.com', 1915564, '123', 142),
('MOUADB1350378926email.com', 1818927, '123', 143),
('IlyasZ1945009136email.com', 1904082, '123', 144),
('BADR-EDDG1304131133email.com', 1818930, '123', 145),
('AnassG1334230993email.com', 1903882, '123', 146),
('AnasG1341213094email.com', 1904046, '123', 147),
('MOHAMEDX1900003721email.com', 1915565, '123', 148),
('NouhG1317859319email.com', 1903875, '123', 149),
('MohammedZ1927001247email.com', 1903878, '123', 150);

-- --------------------------------------------------------

--
-- Table structure for table `etudiant_exam`
--

CREATE TABLE `etudiant_exam` (
  `exam_id` varchar(255) NOT NULL,
  `etudiant_id` int(11) NOT NULL
) ENGINE=InnoDB DEFAULT CHARSET=utf8mb4 COLLATE=utf8mb4_general_ci;

--
-- Dumping data for table `etudiant_exam`
--

INSERT INTO `etudiant_exam` (`exam_id`, `etudiant_id`) VALUES
('09/03/2021de 17H00 àElectricité 2', 1),
('08/03/2021de 09H00 àAnalyse 4', 2),
('05/03/2021de 17H00 àAnalyse 5', 2),
('09/03/2021de 15H00 àAlgèbre 4', 2),
('08/03/2021de 11H00 àMécanique', 2),
('05/03/2021de 17H00 àAnalyse 5', 3),
('09/03/2021de 15H00 àAlgèbre 4', 3),
('08/03/2021de 11H00 àMécanique', 3),
('08/03/2021de 09H00 àAnalyse 4', 4),
('05/03/2021de 17H00 àAnalyse 5', 4),
('09/03/2021de 15H00 àAlgèbre 4', 4),
('05/03/2021de 15H00 àInformatiqu', 4),
('08/03/2021de 09H00 àAnalyse 4', 5),
('09/03/2021de 15H00 àAlgèbre 4', 5),
('08/03/2021de 11H00 àMécanique', 5),
('08/03/2021de 09H00 àAnalyse 4', 6),
('05/03/2021de 17H00 àAnalyse 5', 6),
('09/03/2021de 15H00 àAlgèbre 4', 6),
('08/03/2021de 11H00 àMécanique', 6),
('09/03/2021de 17H00 àElectricité 2', 6),
('05/03/2021de 15H00 àInformatiqu', 6),
('08/03/2021de 09H00 àAnalyse 4', 7),
('09/03/2021de 15H00 àAlgèbre 4', 7),
('08/03/2021de 11H00 àMécanique', 7),
('08/03/2021de 09H00 àAnalyse 4', 8),
('05/03/2021de 17H00 àAnalyse 5', 8),
('09/03/2021de 17H00 àElectricité 2', 7),
('08/03/2021de 09H00 àAnalyse 4', 9),
('05/03/2021de 17H00 àAnalyse 5', 9),
('09/03/2021de 15H00 àAlgèbre 4', 9),
('05/03/2021de 15H00 àInformatiqu', 9),
('08/03/2021de 09H00 àAnalyse 4', 10),
('09/03/2021de 15H00 àAlgèbre 4', 10),
('08/03/2021de 11H00 àMécanique', 10),
('09/03/2021de 17H00 àElectricité 2', 10),
('05/03/2021de 15H00 àInformatiqu', 10),
('08/03/2021de 09H00 àAnalyse 4', 11),
('05/03/2021de 17H00 àAnalyse 5', 11),
('09/03/2021de 15H00 àAlgèbre 4', 11),
('08/03/2021de 11H00 àMécanique', 11),
('09/03/2021de 17H00 àElectricité 2', 11),
('05/03/2021de 15H00 àInformatiqu', 11),
('08/03/2021de 09H00 àAnalyse 4', 12),
('05/03/2021de 15H00 àInformatiqu', 12),
('08/03/2021de 09H00 àAnalyse 4', 13),
('05/03/2021de 17H00 àAnalyse 5', 13),
('08/03/2021de 09H00 àAnalyse 4', 14),
('05/03/2021de 17H00 àAnalyse 5', 14),
('08/03/2021de 09H00 àAnalyse 4', 15),
('05/03/2021de 17H00 àAnalyse 5', 15),
('09/03/2021de 15H00 àAlgèbre 4', 15),
('08/03/2021de 11H00 àMécanique', 15),
('09/03/2021de 17H00 àElectricité 2', 15),
('05/03/2021de 15H00 àInformatiqu', 15),
('08/03/2021de 09H00 àAnalyse 4', 16),
('05/03/2021de 17H00 àAnalyse 5', 16),
('09/03/2021de 15H00 àAlgèbre 4', 16),
('08/03/2021de 11H00 àMécanique', 16),
('09/03/2021de 17H00 àElectricité 2', 16),
('05/03/2021de 15H00 àInformatiqu', 16),
('08/03/2021de 09H00 àAnalyse 4', 17),
('05/03/2021de 17H00 àAnalyse 5', 17),
('09/03/2021de 15H00 àAlgèbre 4', 17),
('08/03/2021de 11H00 àMécanique', 17),
('09/03/2021de 17H00 àElectricité 2', 17),
('05/03/2021de 15H00 àInformatiqu', 17),
('08/03/2021de 09H00 àAnalyse 4', 18),
('05/03/2021de 17H00 àAnalyse 5', 18),
('09/03/2021de 15H00 àAlgèbre 4', 18),
('08/03/2021de 11H00 àMécanique', 18),
('09/03/2021de 17H00 àElectricité 2', 18),
('05/03/2021de 15H00 àInformatiqu', 18),
('08/03/2021de 09H00 àAnalyse 4', 19),
('05/03/2021de 17H00 àAnalyse 5', 19),
('09/03/2021de 15H00 àAlgèbre 4', 19),
('08/03/2021de 11H00 àMécanique', 19),
('09/03/2021de 17H00 àElectricité 2', 19),
('05/03/2021de 15H00 àInformatiqu', 19),
('05/03/2021de 15H00 àInformatiqu', 20),
('08/03/2021de 09H00 àAnalyse 4', 21),
('05/03/2021de 17H00 àAnalyse 5', 21),
('09/03/2021de 17H00 àElectricité 2', 21),
('08/03/2021de 09H00 àAnalyse 4', 22),
('05/03/2021de 17H00 àAnalyse 5', 22),
('09/03/2021de 15H00 àAlgèbre 4', 22),
('08/03/2021de 11H00 àMécanique', 22),
('09/03/2021de 17H00 àElectricité 2', 22),
('05/03/2021de 15H00 àInformatiqu', 22),
('08/03/2021de 09H00 àAnalyse 4', 23),
('05/03/2021de 17H00 àAnalyse 5', 23),
('09/03/2021de 15H00 àAlgèbre 4', 23),
('08/03/2021de 11H00 àMécanique', 23),
('05/03/2021de 17H00 àAnalyse 5', 24),
('09/03/2021de 15H00 àAlgèbre 4', 24),
('08/03/2021de 11H00 àMécanique', 24),
('09/03/2021de 17H00 àElectricité 2', 24),
('08/03/2021de 09H00 àAnalyse 4', 25),
('05/03/2021de 17H00 àAnalyse 5', 25),
('09/03/2021de 15H00 àAlgèbre 4', 25),
('08/03/2021de 11H00 àMécanique', 25),
('09/03/2021de 17H00 àElectricité 2', 25),
('08/03/2021de 09H00 àAnalyse 4', 26),
('05/03/2021de 17H00 àAnalyse 5', 26),
('09/03/2021de 15H00 àAlgèbre 4', 26),
('08/03/2021de 11H00 àMécanique', 26),
('09/03/2021de 17H00 àElectricité 2', 26),
('08/03/2021de 09H00 àAnalyse 4', 27),
('05/03/2021de 17H00 àAnalyse 5', 27),
('09/03/2021de 15H00 àAlgèbre 4', 27),
('08/03/2021de 11H00 àMécanique', 27),
('09/03/2021de 17H00 àElectricité 2', 27),
('05/03/2021de 15H00 àInformatiqu', 27),
('08/03/2021de 09H00 àAnalyse 4', 28),
('05/03/2021de 17H00 àAnalyse 5', 28),
('09/03/2021de 15H00 àAlgèbre 4', 28),
('08/03/2021de 09H00 àAnalyse 4', 29),
('08/03/2021de 11H00 àMécanique', 28),
('05/03/2021de 17H00 àAnalyse 5', 29),
('09/03/2021de 17H00 àElectricité 2', 28),
('09/03/2021de 15H00 àAlgèbre 4', 29),
('08/03/2021de 11H00 àMécanique', 29),
('09/03/2021de 17H00 àElectricité 2', 29),
('05/03/2021de 15H00 àInformatiqu', 29),
('08/03/2021de 09H00 àAnalyse 4', 30),
('05/03/2021de 17H00 àAnalyse 5', 30),
('09/03/2021de 15H00 àAlgèbre 4', 30),
('08/03/2021de 11H00 àMécanique', 30),
('09/03/2021de 17H00 àElectricité 2', 30),
('05/03/2021de 15H00 àInformatiqu', 30),
('09/03/2021de 15H00 àAlgèbre 4', 31),
('09/03/2021de 17H00 àElectricité 2', 31),
('05/03/2021de 15H00 àInformatiqu', 31),
('08/03/2021de 09H00 àAnalyse 4', 32),
('05/03/2021de 17H00 àAnalyse 5', 32),
('09/03/2021de 15H00 àAlgèbre 4', 32),
('08/03/2021de 11H00 àMécanique', 32),
('09/03/2021de 17H00 àElectricité 2', 32),
('05/03/2021de 15H00 àInformatiqu', 32),
('08/03/2021de 09H00 àAnalyse 4', 33),
('05/03/2021de 17H00 àAnalyse 5', 33),
('09/03/2021de 15H00 àAlgèbre 4', 33),
('08/03/2021de 11H00 àMécanique', 33),
('09/03/2021de 17H00 àElectricité 2', 33),
('05/03/2021de 15H00 àInformatiqu', 33),
('08/03/2021de 09H00 àAnalyse 4', 34),
('05/03/2021de 17H00 àAnalyse 5', 34),
('09/03/2021de 15H00 àAlgèbre 4', 34),
('08/03/2021de 11H00 àMécanique', 34),
('09/03/2021de 17H00 àElectricité 2', 34),
('05/03/2021de 15H00 àInformatiqu', 34),
('08/03/2021de 09H00 àAnalyse 4', 35),
('08/03/2021de 09H00 àAnalyse 4', 36),
('05/03/2021de 17H00 àAnalyse 5', 36),
('09/03/2021de 15H00 àAlgèbre 4', 36),
('08/03/2021de 11H00 àMécanique', 36),
('09/03/2021de 17H00 àElectricité 2', 36),
('05/03/2021de 15H00 àInformatiqu', 36),
('05/03/2021de 17H00 àAnalyse 5', 37),
('09/03/2021de 15H00 àAlgèbre 4', 37),
('08/03/2021de 11H00 àMécanique', 37),
('09/03/2021de 17H00 àElectricité 2', 37),
('05/03/2021de 15H00 àInformatiqu', 37),
('05/03/2021de 15H00 àInformatiqu', 38),
('08/03/2021de 09H00 àAnalyse 4', 39),
('05/03/2021de 17H00 àAnalyse 5', 39),
('09/03/2021de 15H00 àAlgèbre 4', 39),
('08/03/2021de 11H00 àMécanique', 39),
('09/03/2021de 17H00 àElectricité 2', 39),
('05/03/2021de 15H00 àInformatiqu', 39),
('09/03/2021de 17H00 àElectricité 2', 40),
('05/03/2021de 15H00 àInformatiqu', 40),
('08/03/2021de 09H00 àAnalyse 4', 41),
('05/03/2021de 17H00 àAnalyse 5', 41),
('05/03/2021de 15H00 àInformatiqu', 41),
('08/03/2021de 09H00 àAnalyse 4', 42),
('05/03/2021de 17H00 àAnalyse 5', 42),
('08/03/2021de 09H00 àAnalyse 4', 43),
('05/03/2021de 17H00 àAnalyse 5', 43),
('09/03/2021de 15H00 àAlgèbre 4', 43),
('08/03/2021de 11H00 àMécanique', 43),
('09/03/2021de 17H00 àElectricité 2', 43),
('08/03/2021de 09H00 àAnalyse 4', 44),
('09/03/2021de 15H00 àAlgèbre 4', 42),
('08/03/2021de 11H00 àMécanique', 42),
('05/03/2021de 17H00 àAnalyse 5', 44),
('09/03/2021de 15H00 àAlgèbre 4', 44),
('08/03/2021de 11H00 àMécanique', 44),
('09/03/2021de 17H00 àElectricité 2', 44),
('05/03/2021de 15H00 àInformatiqu', 44),
('08/03/2021de 09H00 àAnalyse 4', 45),
('05/03/2021de 17H00 àAnalyse 5', 45),
('09/03/2021de 15H00 àAlgèbre 4', 45),
('08/03/2021de 11H00 àMécanique', 45),
('09/03/2021de 17H00 àElectricité 2', 45),
('08/03/2021de 09H00 àAnalyse 4', 46),
('05/03/2021de 17H00 àAnalyse 5', 46),
('09/03/2021de 17H00 àElectricité 2', 47),
('05/03/2021de 15H00 àInformatiqu', 47),
('08/03/2021de 09H00 àAnalyse 4', 48),
('05/03/2021de 17H00 àAnalyse 5', 48),
('09/03/2021de 15H00 àAlgèbre 4', 48),
('08/03/2021de 11H00 àMécanique', 48),
('09/03/2021de 17H00 àElectricité 2', 48),
('08/03/2021de 09H00 àAnalyse 4', 49),
('05/03/2021de 17H00 àAnalyse 5', 49),
('09/03/2021de 15H00 àAlgèbre 4', 49),
('08/03/2021de 11H00 àMécanique', 49),
('09/03/2021de 17H00 àElectricité 2', 49),
('08/03/2021de 09H00 àAnalyse 4', 50),
('05/03/2021de 17H00 àAnalyse 5', 50),
('09/03/2021de 15H00 àAlgèbre 4', 50),
('08/03/2021de 11H00 àMécanique', 50),
('09/03/2021de 17H00 àElectricité 2', 50),
('05/03/2021de 15H00 àInformatiqu', 50),
('05/03/2021de 15H00 àInformatiqu', 49),
('08/03/2021de 09H00 àAnalyse 4', 51),
('05/03/2021de 17H00 àAnalyse 5', 51),
('09/03/2021de 15H00 àAlgèbre 4', 51),
('08/03/2021de 11H00 àMécanique', 51),
('08/03/2021de 09H00 àAnalyse 4', 52),
('09/03/2021de 17H00 àElectricité 2', 51),
('05/03/2021de 17H00 àAnalyse 5', 52),
('05/03/2021de 15H00 àInformatiqu', 51),
('09/03/2021de 15H00 àAlgèbre 4', 52),
('08/03/2021de 11H00 àMécanique', 52),
('09/03/2021de 17H00 àElectricité 2', 52),
('08/03/2021de 09H00 àAnalyse 4', 53),
('05/03/2021de 17H00 àAnalyse 5', 53),
('08/03/2021de 09H00 àAnalyse 4', 54),
('09/03/2021de 15H00 àAlgèbre 4', 53),
('05/03/2021de 17H00 àAnalyse 5', 54),
('08/03/2021de 11H00 àMécanique', 53),
('09/03/2021de 17H00 àElectricité 2', 53),
('09/03/2021de 15H00 àAlgèbre 4', 54),
('05/03/2021de 15H00 àInformatiqu', 53),
('08/03/2021de 11H00 àMécanique', 54),
('09/03/2021de 17H00 àElectricité 2', 54),
('09/03/2021de 17H00 àElectricité 2', 55),
('08/03/2021de 09H00 àAnalyse 4', 56),
('05/03/2021de 17H00 àAnalyse 5', 56),
('09/03/2021de 15H00 àAlgèbre 4', 56),
('09/03/2021de 17H00 àElectricité 2', 57),
('09/03/2021de 15H00 àAlgèbre 4', 59),
('08/03/2021de 09H00 àAnalyse 4', 58),
('08/03/2021de 11H00 àMécanique', 59),
('09/03/2021de 17H00 àElectricité 2', 59),
('05/03/2021de 17H00 àAnalyse 5', 58),
('05/03/2021de 15H00 àInformatiqu', 59),
('09/03/2021de 15H00 àAlgèbre 4', 58),
('08/03/2021de 11H00 àMécanique', 58),
('09/03/2021de 17H00 àElectricité 2', 58),
('05/03/2021de 15H00 àInformatiqu', 58),
('08/03/2021de 09H00 àAnalyse 4', 60),
('05/03/2021de 17H00 àAnalyse 5', 60),
('09/03/2021de 15H00 àAlgèbre 4', 60),
('05/03/2021de 15H00 àInformatiqu', 60),
('05/03/2021de 17H00 àAnalyse 5', 61),
('09/03/2021de 15H00 àAlgèbre 4', 61),
('08/03/2021de 11H00 àMécanique', 61),
('09/03/2021de 17H00 àElectricité 2', 61),
('08/03/2021de 09H00 àAnalyse 4', 62),
('05/03/2021de 17H00 àAnalyse 5', 62),
('09/03/2021de 15H00 àAlgèbre 4', 62),
('08/03/2021de 11H00 àMécanique', 62),
('09/03/2021de 17H00 àElectricité 2', 62),
('08/03/2021de 09H00 àAnalyse 4', 63),
('05/03/2021de 17H00 àAnalyse 5', 63),
('09/03/2021de 15H00 àAlgèbre 4', 63),
('05/03/2021de 15H00 àInformatiqu', 63),
('08/03/2021de 09H00 àAnalyse 4', 64),
('05/03/2021de 17H00 àAnalyse 5', 64),
('09/03/2021de 15H00 àAlgèbre 4', 64),
('08/03/2021de 11H00 àMécanique', 64),
('09/03/2021de 17H00 àElectricité 2', 64),
('05/03/2021de 15H00 àInformatiqu', 64),
('08/03/2021de 09H00 àAnalyse 4', 65),
('05/03/2021de 17H00 àAnalyse 5', 65),
('05/03/2021de 15H00 àInformatiqu', 65),
('08/03/2021de 09H00 àAnalyse 4', 66),
('05/03/2021de 17H00 àAnalyse 5', 66),
('09/03/2021de 15H00 àAlgèbre 4', 66),
('08/03/2021de 11H00 àMécanique', 66),
('05/03/2021de 15H00 àInformatiqu', 66),
('05/03/2021de 15H00 àInformatiqu', 67),
('08/03/2021de 09H00 àAnalyse 4', 68),
('05/03/2021de 17H00 àAnalyse 5', 68),
('08/03/2021de 11H00 àMécanique', 68),
('09/03/2021de 17H00 àElectricité 2', 68),
('05/03/2021de 15H00 àInformatiqu', 68),
('08/03/2021de 09H00 àAnalyse 4', 69),
('05/03/2021de 17H00 àAnalyse 5', 69),
('09/03/2021de 15H00 àAlgèbre 4', 69),
('08/03/2021de 11H00 àMécanique', 69),
('09/03/2021de 17H00 àElectricité 2', 69),
('05/03/2021de 15H00 àInformatiqu', 69),
('08/03/2021de 09H00 àAnalyse 4', 70),
('08/03/2021de 11H00 àMécanique', 70),
('08/03/2021de 09H00 àAnalyse 4', 71),
('05/03/2021de 17H00 àAnalyse 5', 71),
('09/03/2021de 15H00 àAlgèbre 4', 71),
('08/03/2021de 11H00 àMécanique', 71),
('09/03/2021de 17H00 àElectricité 2', 71),
('05/03/2021de 15H00 àInformatiqu', 71),
('08/03/2021de 09H00 àAnalyse 4', 72),
('05/03/2021de 17H00 àAnalyse 5', 72),
('09/03/2021de 15H00 àAlgèbre 4', 72),
('08/03/2021de 11H00 àMécanique', 72),
('09/03/2021de 17H00 àElectricité 2', 72),
('08/03/2021de 09H00 àAnalyse 4', 74),
('08/03/2021de 09H00 àAnalyse 4', 73),
('09/03/2021de 15H00 àAlgèbre 4', 74),
('08/03/2021de 11H00 àMécanique', 74),
('05/03/2021de 17H00 àAnalyse 5', 73),
('09/03/2021de 15H00 àAlgèbre 4', 73),
('09/03/2021de 17H00 àElectricité 2', 74),
('08/03/2021de 11H00 àMécanique', 73),
('09/03/2021de 17H00 àElectricité 2', 73),
('05/03/2021de 15H00 àInformatiqu', 73),
('08/03/2021de 09H00 àAnalyse 4', 75),
('05/03/2021de 17H00 àAnalyse 5', 75),
('09/03/2021de 15H00 àAlgèbre 4', 75),
('08/03/2021de 09H00 àAnalyse 4', 76),
('08/03/2021de 11H00 àMécanique', 75),
('09/03/2021de 17H00 àElectricité 2', 75),
('05/03/2021de 17H00 àAnalyse 5', 76),
('05/03/2021de 15H00 àInformatiqu', 75),
('09/03/2021de 15H00 àAlgèbre 4', 76),
('08/03/2021de 11H00 àMécanique', 76),
('09/03/2021de 17H00 àElectricité 2', 76),
('05/03/2021de 15H00 àInformatiqu', 76),
('08/03/2021de 09H00 àAnalyse 4', 77),
('09/03/2021de 15H00 àAlgèbre 4', 77),
('05/03/2021de 15H00 àInformatiqu', 77),
('08/03/2021de 09H00 àAnalyse 4', 78),
('05/03/2021de 17H00 àAnalyse 5', 78),
('09/03/2021de 15H00 àAlgèbre 4', 78),
('08/03/2021de 11H00 àMécanique', 78),
('09/03/2021de 17H00 àElectricité 2', 78),
('05/03/2021de 15H00 àInformatiqu', 78),
('05/03/2021de 15H00 àInformatiqu', 79),
('05/03/2021de 17H00 àAnalyse 5', 80),
('08/03/2021de 11H00 àMécanique', 80),
('08/03/2021de 09H00 àAnalyse 4', 81),
('05/03/2021de 17H00 àAnalyse 5', 81),
('09/03/2021de 15H00 àAlgèbre 4', 81),
('08/03/2021de 11H00 àMécanique', 81),
('09/03/2021de 17H00 àElectricité 2', 81),
('05/03/2021de 15H00 àInformatiqu', 81),
('09/03/2021de 17H00 àElectricité 2', 82),
('09/03/2021de 15H00 àAlgèbre 4', 83),
('08/03/2021de 11H00 àMécanique', 83),
('08/03/2021de 09H00 àAnalyse 4', 84),
('05/03/2021de 17H00 àAnalyse 5', 84),
('09/03/2021de 15H00 àAlgèbre 4', 84),
('08/03/2021de 11H00 àMécanique', 84),
('09/03/2021de 17H00 àElectricité 2', 85),
('05/03/2021de 15H00 àInformatiqu', 85),
('08/03/2021de 09H00 àAnalyse 4', 87),
('09/03/2021de 15H00 àAlgèbre 4', 87),
('08/03/2021de 11H00 àMécanique', 87),
('09/03/2021de 17H00 àElectricité 2', 84),
('09/03/2021de 17H00 àElectricité 2', 86),
('05/03/2021de 15H00 àInformatiqu', 84),
('08/03/2021de 09H00 àAnalyse 4', 89),
('05/03/2021de 17H00 àAnalyse 5', 89),
('09/03/2021de 15H00 àAlgèbre 4', 89),
('05/03/2021de 15H00 àInformatiqu', 89),
('08/03/2021de 09H00 àAnalyse 4', 88),
('05/03/2021de 17H00 àAnalyse 5', 88),
('09/03/2021de 15H00 àAlgèbre 4', 88),
('08/03/2021de 11H00 àMécanique', 88),
('09/03/2021de 17H00 àElectricité 2', 88),
('05/03/2021de 15H00 àInformatiqu', 88),
('08/03/2021de 09H00 àAnalyse 4', 90),
('05/03/2021de 17H00 àAnalyse 5', 90),
('09/03/2021de 15H00 àAlgèbre 4', 90),
('08/03/2021de 11H00 àMécanique', 90),
('08/03/2021de 09H00 àAnalyse 4', 91),
('05/03/2021de 17H00 àAnalyse 5', 91),
('09/03/2021de 15H00 àAlgèbre 4', 91),
('08/03/2021de 11H00 àMécanique', 91),
('09/03/2021de 17H00 àElectricité 2', 91),
('05/03/2021de 15H00 àInformatiqu', 91),
('08/03/2021de 09H00 àAnalyse 4', 92),
('05/03/2021de 17H00 àAnalyse 5', 92),
('09/03/2021de 15H00 àAlgèbre 4', 92),
('08/03/2021de 11H00 àMécanique', 92),
('09/03/2021de 17H00 àElectricité 2', 92),
('08/03/2021de 09H00 àAnalyse 4', 93),
('08/03/2021de 09H00 àAnalyse 4', 94),
('05/03/2021de 17H00 àAnalyse 5', 94),
('09/03/2021de 15H00 àAlgèbre 4', 94),
('05/03/2021de 17H00 àAnalyse 5', 93),
('08/03/2021de 09H00 àAnalyse 4', 95),
('05/03/2021de 17H00 àAnalyse 5', 95),
('09/03/2021de 15H00 àAlgèbre 4', 95),
('08/03/2021de 11H00 àMécanique', 95),
('09/03/2021de 17H00 àElectricité 2', 95),
('05/03/2021de 15H00 àInformatiqu', 95),
('09/03/2021de 15H00 àAlgèbre 4', 93),
('08/03/2021de 11H00 àMécanique', 94),
('08/03/2021de 11H00 àMécanique', 93),
('09/03/2021de 17H00 àElectricité 2', 94),
('05/03/2021de 15H00 àInformatiqu', 94),
('09/03/2021de 17H00 àElectricité 2', 93),
('05/03/2021de 15H00 àInformatiqu', 93),
('08/03/2021de 09H00 àAnalyse 4', 96),
('05/03/2021de 17H00 àAnalyse 5', 96),
('09/03/2021de 15H00 àAlgèbre 4', 96),
('08/03/2021de 11H00 àMécanique', 96),
('09/03/2021de 17H00 àElectricité 2', 96),
('05/03/2021de 15H00 àInformatiqu', 96),
('08/03/2021de 09H00 àAnalyse 4', 97),
('05/03/2021de 17H00 àAnalyse 5', 97),
('09/03/2021de 15H00 àAlgèbre 4', 97),
('08/03/2021de 11H00 àMécanique', 97),
('09/03/2021de 17H00 àElectricité 2', 97),
('05/03/2021de 15H00 àInformatiqu', 97),
('08/03/2021de 09H00 àAnalyse 4', 98),
('05/03/2021de 17H00 àAnalyse 5', 98),
('09/03/2021de 15H00 àAlgèbre 4', 98),
('08/03/2021de 11H00 àMécanique', 98),
('09/03/2021de 17H00 àElectricité 2', 98),
('05/03/2021de 17H00 àAnalyse 5', 99),
('05/03/2021de 15H00 àInformatiqu', 100),
('08/03/2021de 09H00 àAnalyse 4', 101),
('05/03/2021de 17H00 àAnalyse 5', 101),
('09/03/2021de 17H00 àElectricité 2', 101),
('05/03/2021de 15H00 àInformatiqu', 101),
('09/03/2021de 15H00 àAlgèbre 4', 99),
('08/03/2021de 11H00 àMécanique', 99),
('09/03/2021de 17H00 àElectricité 2', 102),
('08/03/2021de 09H00 àAnalyse 4', 104),
('05/03/2021de 17H00 àAnalyse 5', 104),
('09/03/2021de 15H00 àAlgèbre 4', 104),
('08/03/2021de 09H00 àAnalyse 4', 103),
('05/03/2021de 17H00 àAnalyse 5', 103),
('09/03/2021de 15H00 àAlgèbre 4', 103),
('08/03/2021de 11H00 àMécanique', 103),
('05/03/2021de 15H00 àInformatiqu', 103),
('08/03/2021de 11H00 àMécanique', 104),
('09/03/2021de 17H00 àElectricité 2', 104),
('05/03/2021de 15H00 àInformatiqu', 104),
('08/03/2021de 09H00 àAnalyse 4', 105),
('05/03/2021de 17H00 àAnalyse 5', 105),
('09/03/2021de 15H00 àAlgèbre 4', 105),
('08/03/2021de 11H00 àMécanique', 105),
('09/03/2021de 17H00 àElectricité 2', 105),
('08/03/2021de 09H00 àAnalyse 4', 106),
('05/03/2021de 17H00 àAnalyse 5', 106),
('09/03/2021de 15H00 àAlgèbre 4', 106),
('08/03/2021de 11H00 àMécanique', 106),
('09/03/2021de 17H00 àElectricité 2', 106),
('05/03/2021de 15H00 àInformatiqu', 106),
('08/03/2021de 09H00 àAnalyse 4', 107),
('09/03/2021de 15H00 àAlgèbre 4', 107),
('08/03/2021de 11H00 àMécanique', 107),
('09/03/2021de 17H00 àElectricité 2', 107),
('08/03/2021de 09H00 àAnalyse 4', 108),
('05/03/2021de 17H00 àAnalyse 5', 108),
('09/03/2021de 15H00 àAlgèbre 4', 108),
('08/03/2021de 11H00 àMécanique', 108),
('09/03/2021de 17H00 àElectricité 2', 108),
('05/03/2021de 15H00 àInformatiqu', 108),
('09/03/2021de 17H00 àElectricité 2', 110),
('05/03/2021de 15H00 àInformatiqu', 110),
('08/03/2021de 09H00 àAnalyse 4', 109),
('05/03/2021de 17H00 àAnalyse 5', 109),
('09/03/2021de 15H00 àAlgèbre 4', 109),
('08/03/2021de 11H00 àMécanique', 109),
('08/03/2021de 09H00 àAnalyse 4', 111),
('05/03/2021de 17H00 àAnalyse 5', 111),
('09/03/2021de 15H00 àAlgèbre 4', 111),
('08/03/2021de 11H00 àMécanique', 111),
('09/03/2021de 17H00 àElectricité 2', 111),
('05/03/2021de 15H00 àInformatiqu', 111),
('08/03/2021de 09H00 àAnalyse 4', 112),
('05/03/2021de 17H00 àAnalyse 5', 112),
('09/03/2021de 15H00 àAlgèbre 4', 112),
('08/03/2021de 09H00 àAnalyse 4', 113),
('08/03/2021de 11H00 àMécanique', 112),
('09/03/2021de 17H00 àElectricité 2', 112),
('05/03/2021de 17H00 àAnalyse 5', 113),
('09/03/2021de 15H00 àAlgèbre 4', 113),
('08/03/2021de 11H00 àMécanique', 113),
('09/03/2021de 17H00 àElectricité 2', 113),
('05/03/2021de 15H00 àInformatiqu', 113),
('08/03/2021de 09H00 àAnalyse 4', 114),
('05/03/2021de 17H00 àAnalyse 5', 114),
('08/03/2021de 09H00 àAnalyse 4', 115),
('05/03/2021de 17H00 àAnalyse 5', 115),
('09/03/2021de 15H00 àAlgèbre 4', 115),
('08/03/2021de 11H00 àMécanique', 115),
('09/03/2021de 17H00 àElectricité 2', 115),
('08/03/2021de 09H00 àAnalyse 4', 116),
('05/03/2021de 15H00 àInformatiqu', 115),
('05/03/2021de 17H00 àAnalyse 5', 116),
('09/03/2021de 15H00 àAlgèbre 4', 116),
('08/03/2021de 11H00 àMécanique', 116),
('05/03/2021de 15H00 àInformatiqu', 117),
('09/03/2021de 17H00 àElectricité 2', 116),
('05/03/2021de 15H00 àInformatiqu', 116),
('08/03/2021de 09H00 àAnalyse 4', 118),
('05/03/2021de 17H00 àAnalyse 5', 118),
('09/03/2021de 15H00 àAlgèbre 4', 118),
('08/03/2021de 11H00 àMécanique', 118),
('09/03/2021de 17H00 àElectricité 2', 118),
('08/03/2021de 09H00 àAnalyse 4', 119),
('05/03/2021de 17H00 àAnalyse 5', 119),
('09/03/2021de 15H00 àAlgèbre 4', 119),
('08/03/2021de 11H00 àMécanique', 119),
('08/03/2021de 09H00 àAnalyse 4', 120),
('05/03/2021de 17H00 àAnalyse 5', 120),
('09/03/2021de 15H00 àAlgèbre 4', 120),
('08/03/2021de 11H00 àMécanique', 120),
('09/03/2021de 17H00 àElectricité 2', 120),
('05/03/2021de 15H00 àInformatiqu', 120),
('05/03/2021de 17H00 àAnalyse 5', 121),
('08/03/2021de 11H00 àMécanique', 121),
('05/03/2021de 15H00 àInformatiqu', 121),
('09/03/2021de 17H00 àElectricité 2', 122),
('05/03/2021de 15H00 àInformatiqu', 122),
('09/03/2021de 17H00 àElectricité 2', 123),
('05/03/2021de 15H00 àInformatiqu', 123),
('08/03/2021de 09H00 àAnalyse 4', 124),
('05/03/2021de 17H00 àAnalyse 5', 124),
('09/03/2021de 15H00 àAlgèbre 4', 124),
('08/03/2021de 11H00 àMécanique', 124),
('09/03/2021de 17H00 àElectricité 2', 124),
('08/03/2021de 09H00 àAnalyse 4', 125),
('05/03/2021de 17H00 àAnalyse 5', 125),
('09/03/2021de 15H00 àAlgèbre 4', 125),
('09/03/2021de 17H00 àElectricité 2', 125),
('05/03/2021de 15H00 àInformatiqu', 125),
('09/03/2021de 15H00 àAlgèbre 4', 126),
('08/03/2021de 09H00 àAnalyse 4', 127),
('09/03/2021de 17H00 àElectricité 2', 127),
('05/03/2021de 15H00 àInformatiqu', 127),
('08/03/2021de 09H00 àAnalyse 4', 129),
('05/03/2021de 17H00 àAnalyse 5', 129),
('09/03/2021de 15H00 àAlgèbre 4', 129),
('08/03/2021de 11H00 àMécanique', 129),
('09/03/2021de 17H00 àElectricité 2', 129),
('05/03/2021de 15H00 àInformatiqu', 129),
('08/03/2021de 09H00 àAnalyse 4', 128),
('05/03/2021de 17H00 àAnalyse 5', 128),
('08/03/2021de 11H00 àMécanique', 128),
('09/03/2021de 17H00 àElectricité 2', 128),
('08/03/2021de 09H00 àAnalyse 4', 130),
('05/03/2021de 17H00 àAnalyse 5', 130),
('09/03/2021de 17H00 àElectricité 2', 130),
('08/03/2021de 09H00 àAnalyse 4', 131),
('05/03/2021de 17H00 àAnalyse 5', 131),
('09/03/2021de 15H00 àAlgèbre 4', 131),
('08/03/2021de 11H00 àMécanique', 131),
('08/03/2021de 09H00 àAnalyse 4', 132),
('05/03/2021de 17H00 àAnalyse 5', 132),
('09/03/2021de 15H00 àAlgèbre 4', 132),
('08/03/2021de 11H00 àMécanique', 132),
('09/03/2021de 17H00 àElectricité 2', 132),
('08/03/2021de 09H00 àAnalyse 4', 133),
('05/03/2021de 17H00 àAnalyse 5', 133),
('09/03/2021de 15H00 àAlgèbre 4', 133),
('08/03/2021de 11H00 àMécanique', 133),
('09/03/2021de 17H00 àElectricité 2', 133),
('05/03/2021de 15H00 àInformatiqu', 133),
('05/03/2021de 15H00 àInformatiqu', 132),
('08/03/2021de 09H00 àAnalyse 4', 135),
('05/03/2021de 17H00 àAnalyse 5', 135),
('09/03/2021de 15H00 àAlgèbre 4', 135),
('08/03/2021de 11H00 àMécanique', 135),
('09/03/2021de 17H00 àElectricité 2', 135),
('05/03/2021de 15H00 àInformatiqu', 135),
('08/03/2021de 09H00 àAnalyse 4', 134),
('05/03/2021de 17H00 àAnalyse 5', 134),
('09/03/2021de 15H00 àAlgèbre 4', 134),
('08/03/2021de 11H00 àMécanique', 134),
('08/03/2021de 09H00 àAnalyse 4', 136),
('05/03/2021de 17H00 àAnalyse 5', 136),
('09/03/2021de 15H00 àAlgèbre 4', 136),
('08/03/2021de 11H00 àMécanique', 136),
('09/03/2021de 17H00 àElectricité 2', 136),
('08/03/2021de 09H00 àAnalyse 4', 137),
('05/03/2021de 17H00 àAnalyse 5', 137),
('09/03/2021de 15H00 àAlgèbre 4', 137),
('08/03/2021de 11H00 àMécanique', 137),
('09/03/2021de 17H00 àElectricité 2', 137),
('05/03/2021de 15H00 àInformatiqu', 137),
('09/03/2021de 17H00 àElectricité 2', 138),
('08/03/2021de 09H00 àAnalyse 4', 139),
('08/03/2021de 09H00 àAnalyse 4', 140),
('08/03/2021de 09H00 àAnalyse 4', 141),
('08/03/2021de 09H00 àAnalyse 4', 142),
('08/03/2021de 09H00 àAnalyse 4', 143),
('05/03/2021de 17H00 àAnalyse 5', 143),
('05/03/2021de 17H00 àAnalyse 5', 142),
('09/03/2021de 15H00 àAlgèbre 4', 142),
('08/03/2021de 11H00 àMécanique', 142),
('09/03/2021de 17H00 àElectricité 2', 142),
('09/03/2021de 15H00 àAlgèbre 4', 143),
('05/03/2021de 15H00 àInformatiqu', 142),
('08/03/2021de 11H00 àMécanique', 143),
('09/03/2021de 17H00 àElectricité 2', 143),
('05/03/2021de 17H00 àAnalyse 5', 140),
('05/03/2021de 17H00 àAnalyse 5', 141),
('09/03/2021de 15H00 àAlgèbre 4', 140),
('09/03/2021de 15H00 àAlgèbre 4', 141),
('08/03/2021de 11H00 àMécanique', 141),
('09/03/2021de 17H00 àElectricité 2', 141),
('05/03/2021de 15H00 àInformatiqu', 141),
('09/03/2021de 17H00 àElectricité 2', 144),
('08/03/2021de 09H00 àAnalyse 4', 145),
('09/03/2021de 15H00 àAlgèbre 4', 145),
('08/03/2021de 11H00 àMécanique', 145),
('09/03/2021de 17H00 àElectricité 2', 145),
('05/03/2021de 15H00 àInformatiqu', 145),
('08/03/2021de 09H00 àAnalyse 4', 146),
('05/03/2021de 17H00 àAnalyse 5', 146),
('09/03/2021de 15H00 àAlgèbre 4', 146),
('09/03/2021de 17H00 àElectricité 2', 147),
('08/03/2021de 09H00 àAnalyse 4', 148),
('05/03/2021de 17H00 àAnalyse 5', 148),
('09/03/2021de 15H00 àAlgèbre 4', 148),
('08/03/2021de 11H00 àMécanique', 148),
('09/03/2021de 17H00 àElectricité 2', 148),
('05/03/2021de 15H00 àInformatiqu', 148),
('08/03/2021de 09H00 àAnalyse 4', 149),
('05/03/2021de 17H00 àAnalyse 5', 149),
('09/03/2021de 15H00 àAlgèbre 4', 149),
('08/03/2021de 11H00 àMécanique', 149),
('08/03/2021de 09H00 àAnalyse 4', 150),
('05/03/2021de 17H00 àAnalyse 5', 150),
('09/03/2021de 15H00 àAlgèbre 4', 150),
('08/03/2021de 11H00 àMécanique', 150),
('09/03/2021de 17H00 àElectricité 2', 150),
('05/03/2021de 15H00 àInformatiqu', 150),
('09/03/2021de 17H00 àElectricité 2', 149),
('05/03/2021de 15H00 àInformatiqu', 149);

-- --------------------------------------------------------

--
-- Table structure for table `exams`
--

CREATE TABLE `exams` (
  `code` varchar(255) NOT NULL,
  `date` varchar(255) DEFAULT NULL,
  `time` varchar(255) DEFAULT NULL,
  `matiere_id` varchar(255) DEFAULT NULL
) ENGINE=InnoDB DEFAULT CHARSET=utf8mb4 COLLATE=utf8mb4_general_ci;

--
-- Dumping data for table `exams`
--

INSERT INTO `exams` (`code`, `date`, `time`, `matiere_id`) VALUES
('05/03/2021de 15H00 àInformatiqu', '05/03/2021', 'de 15H00 à', 'Informatiqu'),
('05/03/2021de 17H00 àAnalyse 5', '05/03/2021', 'de 17H00 à', 'Analyse 5'),
('08/03/2021de 09H00 àAnalyse 4', '08/03/2021', 'de 09H00 à', 'Analyse 4'),
('08/03/2021de 11H00 àMécanique', '08/03/2021', 'de 11H00 à', 'Mécanique'),
('09/03/2021de 15H00 àAlgèbre 4', '09/03/2021', 'de 15H00 à', 'Algèbre 4'),
('09/03/2021de 17H00 àElectricité 2', '09/03/2021', 'de 17H00 à', 'Electricité 2');

-- --------------------------------------------------------

--
-- Table structure for table `filieres`
--

CREATE TABLE `filieres` (
  `nom` varchar(255) NOT NULL
) ENGINE=InnoDB DEFAULT CHARSET=utf8mb4 COLLATE=utf8mb4_general_ci;

--
-- Dumping data for table `filieres`
--

INSERT INTO `filieres` (`nom`) VALUES
('SMA');

-- --------------------------------------------------------

--
-- Table structure for table `matieres`
--

CREATE TABLE `matieres` (
  `nom` varchar(255) NOT NULL,
  `filiere_id` varchar(255) DEFAULT NULL,
  `module_id` int(11) DEFAULT NULL,
  `prefesseur_id` int(11) DEFAULT NULL
) ENGINE=InnoDB DEFAULT CHARSET=utf8mb4 COLLATE=utf8mb4_general_ci;

--
-- Dumping data for table `matieres`
--

INSERT INTO `matieres` (`nom`, `filiere_id`, `module_id`, `prefesseur_id`) VALUES
('Algèbre 4', 'SMA', NULL, NULL),
('Analyse 4', 'SMA', NULL, NULL),
('Analyse 5', 'SMA', NULL, NULL),
('Electricité 2', 'SMA', NULL, NULL),
('Informatiqu', 'SMA', NULL, NULL),
('Mécanique', 'SMA', NULL, NULL);

-- --------------------------------------------------------

--
-- Table structure for table `modules`
--

CREATE TABLE `modules` (
  `id` int(11) NOT NULL,
  `nom` varchar(255) DEFAULT NULL,
  `semestre_id` varchar(255) DEFAULT NULL
) ENGINE=InnoDB DEFAULT CHARSET=utf8mb4 COLLATE=utf8mb4_general_ci;

-- --------------------------------------------------------

--
-- Table structure for table `personnes`
--

CREATE TABLE `personnes` (
  `id` int(11) NOT NULL,
  `cne` varchar(255) DEFAULT NULL,
  `nom` varchar(255) DEFAULT NULL,
  `prenom` varchar(255) DEFAULT NULL
) ENGINE=InnoDB DEFAULT CHARSET=utf8mb4 COLLATE=utf8mb4_general_ci;

--
-- Dumping data for table `personnes`
--

INSERT INTO `personnes` (`id`, `cne`, `nom`, `prenom`) VALUES
(1, 'D11003796', 'AIT ABDER', 'Mustapha'),
(2, 'G13438592', 'AHMADA', 'OTTMANE'),
(3, 'G14104016', 'AHBIBI', 'TAHA'),
(4, 'G13051796', 'AIT AHMED', 'ALI'),
(5, 'D13286781', 'AIT ALI OU', 'LAYLA'),
(6, 'D13746123', 'AIT AHMED', 'MOUAAD'),
(7, 'Z16450101', 'AIT EL MO', 'MOHCINE'),
(8, 'D13002693', 'AIT KHOYA', 'Ayoub'),
(9, 'G13511627', 'AIT LHRI', 'Abdelhakim'),
(10, '151512652', 'AIT KHATR', 'NOUR ED-'),
(11, 'G13343398', 'AIT AMMI', 'SOUMAYA'),
(12, 'G13807497', 'AKCHOUL', 'Najat'),
(13, 'G13820875', 'AIT MOHA', 'Yassir'),
(14, 'D14204937', 'AMAR', 'Donia'),
(15, 'G14104908', 'AKHSASSI', 'Yacine'),
(16, 'L13024273', 'BAALLA', 'YOUSRA'),
(17, 'G14904211', 'AMSSAADI', 'IMANE'),
(18, 'G13261121', 'AOURIK', 'KHAOULA'),
(19, 'D13118167', 'AZZOUZI', 'FATIMA'),
(20, 'G13552148', 'BAHAIDA', 'MOUAD'),
(21, 'Z18450026', 'BAQASSE', 'HASSAN'),
(22, 'G13628770', 'BAGHRAR', 'Hassan'),
(23, 'G13284068', 'BELHAMRA', 'FAYCAL'),
(24, 'G13834109', 'BAHHI', 'FATIMA EZ'),
(25, 'G13437962', 'BARA', 'AYYOUB'),
(26, 'G13960109', 'BEQQALI', 'ABDELILAH'),
(27, 'G14304594', 'BEN RABB', 'Ibtissam'),
(28, 'G13553974', 'BOUABID', 'AMINE'),
(29, 'X19000037', 'BONOU', 'CHARLES'),
(30, 'G13601544', 'BOUCHKA', 'Rachida'),
(31, 'G13611637', 'BOUSSETT', 'MOHCINE'),
(32, 'G13747488', 'BOURAGA', 'HAMZA'),
(33, 'G14505366', 'BOUKCHO', 'Ismail'),
(34, 'G13060934', 'BOUROIYS', 'OTMAN'),
(35, 'G13860109', 'BOUTZAD', 'ACHRAF'),
(36, 'D13789619', 'BOUNOU', 'Abdelaziz'),
(37, 'K13141938', 'BOUYOUS', 'MOHAMME'),
(38, 'X19000045', 'CHAHID', 'AHMED'),
(39, 'D13035848', 'CHARIR', 'Ayoub'),
(40, 'K14304259', 'CHEQROU', 'ABDELLAH'),
(41, 'D13030545', 'CHERKAO', 'Ibtissam'),
(42, '151307094', 'CHARIFI', 'SAID'),
(43, 'G13731581', 'CHERKAO', 'BTISSAM'),
(44, 'G14002129', 'BRIHAMOU', 'Leila'),
(45, 'G13239863', 'EBEN ECH', 'SOUFIAN'),
(46, 'C13001994', 'CHOUKRI', 'LOUBNA'),
(47, 'G13403092', 'EDHIBA', 'SIHAM'),
(48, 'G14205798', 'EDDIANI', 'SANAA'),
(49, 'D13689613', 'EL ALAMY', 'Mhamed'),
(50, 'G13648003', 'ECH-CHAO', 'Naoufal'),
(51, 'G13680034', 'EL AMRAN', 'Chaimaa'),
(52, 'G13851623', 'EL ABDI', 'HOURIA'),
(53, 'G13142474', 'EL AMRAN', 'Youssef'),
(54, 'G13978982', 'EL BARGH', 'MARIEM'),
(55, 'K13003878', 'EL GARBA', 'Abdelilah'),
(56, 'G13942308', 'EL BOUAZ', 'KHADIJA'),
(57, 'Z19780000', 'EL HAJIBI', 'Hassan'),
(58, 'G13659368', 'EL BOUHC', 'YOUSSEF'),
(59, 'Z18290015', 'EL KANFO', 'MOHAMME'),
(60, 'B13901556', 'EL HAFSY', 'MUSTAPHA'),
(61, 'Z17450261', 'EL GUERR', 'FATIMA ZA'),
(62, 'G13439539', 'EL MAHY', 'FATIMA'),
(63, 'C13001302', 'EL MOUSS', 'Tfarah'),
(64, 'D13820932', 'EL OUALI', 'LOUBNA'),
(65, 'G13367486', 'EL OUEKD', 'ABDELLAH'),
(66, 'D14714462', 'EL YAQOU', 'IKRAM'),
(67, 'G13541506', 'ELALLAME', 'MOHAMME'),
(68, 'K13349143', 'EL QAMRI', 'YASSINE'),
(69, 'K13740025', 'ELALOUAO', 'Jamal'),
(70, 'D14702820', 'EL-ARYBY', 'HASNA'),
(71, 'G13513854', 'ELAOUAD', 'Abdellah'),
(72, 'G14600704', 'EL-HOSSIN', 'CHAIMAA'),
(73, 'D13888689', 'ELKHALFA', 'Mouad'),
(74, 'G13128313', 'ELMOUTO', 'KHADIJA'),
(75, 'G14203492', 'ELMATTAQ', 'Ahmed'),
(76, 'D13973938', 'EL-MESAF', 'Ayoub'),
(77, 'D14402611', 'ELOUARITI', 'NOURA'),
(78, 'G13679042', 'ELOMRANI', 'Mohammed'),
(79, 'G13680011', 'ER-RAFAY', 'Nisrine'),
(80, 'B13902592', 'ENNOUARI', 'SABAH'),
(81, 'G13930682', 'ENNAJJAR', 'ISMAIL'),
(82, 'G13521795', 'ENNMIRI', 'Fatima Ezz'),
(83, 'G13462372', 'ERRIFI', 'SAFA'),
(84, 'G13335572', 'ESKOURI', 'Lamyaa'),
(85, 'D13333323', 'FASKA', 'SAID'),
(86, 'G13537237', 'EZ-ZAOUY', 'Hind'),
(87, 'Z16840053', 'EZZAIM', 'AHMED'),
(88, 'Z19020024', 'ESSRROU', 'Youssef'),
(89, 'Z18430040', 'GEBLI', 'MOHAMED'),
(90, 'D13340243', 'HACHAMI', 'SOUAD'),
(91, 'D13585748', 'HANIFA', 'Maryam'),
(92, 'L14101276', 'HAMDAOUI', 'ILYESS'),
(93, 'L13926931', 'HANIFI', 'Fatima Ezz'),
(94, 'G13083151', 'HDIDOU', 'SOUKAINA'),
(95, 'B13002779', 'HAIDASS', 'EL MAHJO'),
(96, 'G13366448', 'HOURIGOU', 'ABDELKER'),
(97, 'G14600982', 'IDALI', 'Abderrahim'),
(98, 'L13335431', 'IKEN', 'AYOUB'),
(99, 'K13416960', 'JAMAIL', 'YAHYA'),
(100, 'G13354223', 'JAOUAR', 'Maria'),
(101, 'G13466814', 'HELLA', 'Abdelhadi'),
(102, 'X19000037', 'KERE', 'WENDYAM'),
(103, 'B13302779', 'KOURAICH', 'YOUSSEF'),
(104, 'G13308037', 'LACHGAR', 'Aicha'),
(105, 'G13742794', 'KARBACHI', 'Outmane'),
(106, '151206939', 'LMATI', 'FATIMA-ZA'),
(107, 'G13482220', 'LAGHLIMI', 'NAJAT'),
(108, 'X19000037', 'KABORE', 'ABDOUL-W'),
(109, 'D13789977', 'LAMRANI', 'DRISS'),
(110, 'G13115725', 'MABROUK', 'Smail'),
(111, 'G13725934', 'LOKHNIZI', 'Az-eddine'),
(112, 'G13242221', 'MAJID', 'ABDERRAZ'),
(113, 'Z18270087', 'MAJID', 'ELMUSTAP'),
(114, 'G13475043', 'MARGOUL', 'Anasse'),
(115, 'D13786108', 'MANSOUR', 'Lamyaa'),
(116, 'G13141774', 'MAKHLOUF', 'KAOUTAR'),
(117, 'L13934574', 'MOSSADE', 'Boutaina'),
(118, 'Z17450012', 'MILOUDI', 'AZEDDINE'),
(119, 'G14702378', 'MOKNASSI', 'BRAHIM'),
(120, 'G13340231', 'MOUAFIQ', 'Abdeljalil'),
(121, 'Z17450281', 'NAHI', 'KHALID'),
(122, 'G13483668', 'NASSAR', 'Sami'),
(123, 'G14004027', 'NOKRA', 'AZ-EDDINE'),
(124, 'G13621187', 'MOUTALEB', 'AYMEN'),
(125, 'G14804023', 'NOUKRA', 'SOUFIANE'),
(126, 'L13310217', 'OURRAI', 'Sanae'),
(127, 'G13448432', 'OUARRA', 'Hassan'),
(128, 'G13653873', 'OIRGARI', 'ABDERRA'),
(129, 'G13156672', 'OUBELKAS', 'Fatima'),
(130, 'G13960056', 'RAHAI', 'MOHAMME'),
(131, 'D13086800', 'RAZZOUK', 'KHALID'),
(132, 'G13129028', 'OURRICH', 'Brahim'),
(133, 'Z19450076', 'SAABI', 'ABDEL-ILA'),
(134, 'Z16450202', 'SERKOUTI', 'RACHID'),
(135, 'D13441359', 'SARSARI', 'SOUKAINA'),
(136, 'G13814447', 'SIMMOU', 'Oumaima'),
(137, 'C13001373', 'SAGHIR', 'Hiba'),
(138, 'D13791445', 'SIPOU', 'Sohaila'),
(139, 'C13008455', 'TAIA', 'Brahim'),
(140, 'G13714391', 'TAFTAFI', 'Younes'),
(141, 'Z18270043', 'STITA', 'YOUSSEF'),
(142, 'X19000037', 'TRAORE', 'KOUDADIM'),
(143, 'B13503789', 'TARGUAO', 'MOUAD'),
(144, 'Z19450091', 'YAZINI', 'Ilyas'),
(145, 'G13041311', 'WAHID', 'BADR-EDD'),
(146, 'G13342309', 'YOUSRI', 'Anass'),
(147, 'G13412130', 'ZEROUAL', 'Anas'),
(148, 'X19000037', 'YAMEOGO', 'MOHAMED'),
(149, 'G13178593', 'ZENNANE', 'Nouh'),
(150, 'Z19270012', 'ZEROUAL', 'Mohammed'),
(151, 'HH77077', 'oussama', 'rida'),
(155, '123456789', 'saad', 'samih');

-- --------------------------------------------------------

--
-- Table structure for table `professeurs`
--

CREATE TABLE `professeurs` (
  `code` bigint(20) DEFAULT NULL,
  `email` varchar(255) DEFAULT NULL,
  `password` varchar(255) DEFAULT NULL,
  `personne_id` int(11) NOT NULL
) ENGINE=InnoDB DEFAULT CHARSET=utf8mb4 COLLATE=utf8mb4_general_ci;

-- --------------------------------------------------------

--
-- Table structure for table `salles`
--

CREATE TABLE `salles` (
  `code` varchar(255) NOT NULL,
  `name` varchar(255) DEFAULT NULL,
  `exam_id` varchar(255) DEFAULT NULL,
  `surveillant_id` int(11) DEFAULT NULL
) ENGINE=InnoDB DEFAULT CHARSET=utf8mb4 COLLATE=utf8mb4_general_ci;

--
-- Dumping data for table `salles`
--

INSERT INTO `salles` (`code`, `name`, `exam_id`, `surveillant_id`) VALUES
('A-605/03/2021de 15H00 àInformatiqu', 'A-6', '05/03/2021de 15H00 àInformatiqu', 151),
('A-605/03/2021de 17H00 àAnalyse 5', 'A-6', '05/03/2021de 17H00 àAnalyse 5', 151),
('A-608/03/2021de 09H00 àAnalyse 4', 'A-6', '08/03/2021de 09H00 àAnalyse 4', 151),
('A-608/03/2021de 11H00 àMécanique', 'A-6', '08/03/2021de 11H00 àMécanique', 151),
('A-609/03/2021de 15H00 àAlgèbre 4', 'A-6', '09/03/2021de 15H00 àAlgèbre 4', 151),
('A-609/03/2021de 17H00 àElectricité 2', 'A-6', '09/03/2021de 17H00 àElectricité 2', 151),
('A-705/03/2021de 15H00 àInformatiqu', 'A-7', '05/03/2021de 15H00 àInformatiqu', NULL),
('A-705/03/2021de 17H00 àAnalyse 5', 'A-7', '05/03/2021de 17H00 àAnalyse 5', NULL),
('A-708/03/2021de 09H00 àAnalyse 4', 'A-7', '08/03/2021de 09H00 àAnalyse 4', NULL),
('A-708/03/2021de 11H00 àMécanique', 'A-7', '08/03/2021de 11H00 àMécanique', NULL),
('A-709/03/2021de 15H00 àAlgèbre 4', 'A-7', '09/03/2021de 15H00 àAlgèbre 4', NULL),
('A-709/03/2021de 17H00 àElectricité 2', 'A-7', '09/03/2021de 17H00 àElectricité 2', NULL),
('A-805/03/2021de 15H00 àInformatiqu', 'A-8', '05/03/2021de 15H00 àInformatiqu', NULL),
('A-805/03/2021de 17H00 àAnalyse 5', 'A-8', '05/03/2021de 17H00 àAnalyse 5', NULL),
('A-808/03/2021de 09H00 àAnalyse 4', 'A-8', '08/03/2021de 09H00 àAnalyse 4', NULL),
('A-808/03/2021de 11H00 àMécanique', 'A-8', '08/03/2021de 11H00 àMécanique', NULL),
('A-809/03/2021de 15H00 àAlgèbre 4', 'A-8', '09/03/2021de 15H00 àAlgèbre 4', NULL),
('A-809/03/2021de 17H00 àElectricité 2', 'A-8', '09/03/2021de 17H00 àElectricité 2', NULL);

-- --------------------------------------------------------

--
-- Table structure for table `semestres`
--

CREATE TABLE `semestres` (
  `nom` varchar(255) NOT NULL
) ENGINE=InnoDB DEFAULT CHARSET=utf8mb4 COLLATE=utf8mb4_general_ci;

--
-- Dumping data for table `semestres`
--

INSERT INTO `semestres` (`nom`) VALUES
('S3');

-- --------------------------------------------------------

--
-- Table structure for table `surveillants`
--

CREATE TABLE `surveillants` (
  `code` bigint(20) DEFAULT NULL,
  `email` varchar(255) DEFAULT NULL,
  `password` varchar(255) DEFAULT NULL,
  `personne_id` int(11) NOT NULL
) ENGINE=InnoDB DEFAULT CHARSET=utf8mb4 COLLATE=utf8mb4_general_ci;

--
-- Dumping data for table `surveillants`
--

INSERT INTO `surveillants` (`code`, `email`, `password`, `personne_id`) VALUES
(1, 'aussamarida@gmail.com', '123', 151);

-- --------------------------------------------------------

--
-- Table structure for table `tables`
--

CREATE TABLE `tables` (
  `id` int(11) NOT NULL,
  `num` int(11) NOT NULL,
  `etudiant` int(11) DEFAULT NULL,
  `salle_id` varchar(255) DEFAULT NULL,
  `absence` varchar(255) DEFAULT 'A'
) ENGINE=InnoDB DEFAULT CHARSET=utf8mb4 COLLATE=utf8mb4_general_ci;

--
-- Dumping data for table `tables`
--

INSERT INTO `tables` (`id`, `num`, `etudiant`, `salle_id`, `absence`) VALUES
(1, 20, 1, 'A-809/03/2021de 17H00 àElectricité 2', 'A'),
(2, 19, 3, 'A-805/03/2021de 17H00 àAnalyse 5', 'A'),
(3, 2, 2, 'A-808/03/2021de 09H00 àAnalyse 4', 'A'),
(4, 22, 3, 'A-809/03/2021de 15H00 àAlgèbre 4', 'A'),
(5, 2, 2, 'A-805/03/2021de 17H00 àAnalyse 5', 'A'),
(6, 18, 3, 'A-808/03/2021de 11H00 àMécanique', 'A'),
(7, 3, 4, 'A-808/03/2021de 09H00 àAnalyse 4', 'A'),
(8, 3, 2, 'A-809/03/2021de 15H00 àAlgèbre 4', 'A'),
(9, 20, 5, 'A-808/03/2021de 09H00 àAnalyse 4', 'A'),
(10, 23, 5, 'A-809/03/2021de 15H00 àAlgèbre 4', 'A'),
(11, 3, 2, 'A-808/03/2021de 11H00 àMécanique', 'A'),
(12, 3, 4, 'A-805/03/2021de 17H00 àAnalyse 5', 'A'),
(13, 4, 4, 'A-809/03/2021de 15H00 àAlgèbre 4', 'A'),
(14, 19, 5, 'A-808/03/2021de 11H00 àMécanique', 'A'),
(15, 3, 4, 'A-805/03/2021de 15H00 àInformatiqu', 'A'),
(16, 5, 6, 'A-608/03/2021de 09H00 àAnalyse 4', 'A'),
(17, 5, 6, 'A-605/03/2021de 17H00 àAnalyse 5', 'A'),
(18, 5, 6, 'A-609/03/2021de 15H00 àAlgèbre 4', 'A'),
(19, 5, 6, 'A-608/03/2021de 11H00 àMécanique', 'A'),
(20, 5, 6, 'A-609/03/2021de 17H00 àElectricité 2', 'P'),
(21, 5, 6, 'A-605/03/2021de 15H00 àInformatiqu', 'P'),
(22, 31, 8, 'A-808/03/2021de 09H00 àAnalyse 4', 'A'),
(23, 4, 7, 'A-808/03/2021de 09H00 àAnalyse 4', 'A'),
(24, 29, 8, 'A-805/03/2021de 17H00 àAnalyse 5', 'A'),
(25, 5, 7, 'A-809/03/2021de 15H00 àAlgèbre 4', 'A'),
(26, 4, 7, 'A-808/03/2021de 11H00 àMécanique', 'A'),
(27, 5, 9, 'A-808/03/2021de 09H00 àAnalyse 4', 'A'),
(28, 2, 7, 'A-809/03/2021de 17H00 àElectricité 2', 'A'),
(29, 4, 9, 'A-805/03/2021de 17H00 àAnalyse 5', 'A'),
(30, 6, 9, 'A-809/03/2021de 15H00 àAlgèbre 4', 'A'),
(31, 4, 9, 'A-805/03/2021de 15H00 àInformatiqu', 'A'),
(32, 20, 10, 'A-708/03/2021de 09H00 àAnalyse 4', 'A'),
(33, 20, 10, 'A-709/03/2021de 15H00 àAlgèbre 4', 'A'),
(34, 20, 10, 'A-708/03/2021de 11H00 àMécanique', 'A'),
(35, 6, 11, 'A-608/03/2021de 09H00 àAnalyse 4', 'A'),
(36, 33, 12, 'A-808/03/2021de 09H00 àAnalyse 4', 'A'),
(37, 20, 10, 'A-709/03/2021de 17H00 àElectricité 2', 'A'),
(38, 6, 11, 'A-605/03/2021de 17H00 àAnalyse 5', 'A'),
(39, 29, 12, 'A-705/03/2021de 15H00 àInformatiqu', 'A'),
(40, 19, 10, 'A-705/03/2021de 15H00 àInformatiqu', 'A'),
(41, 6, 11, 'A-609/03/2021de 15H00 àAlgèbre 4', 'A'),
(42, 32, 13, 'A-808/03/2021de 09H00 àAnalyse 4', 'A'),
(43, 6, 11, 'A-608/03/2021de 11H00 àMécanique', 'A'),
(44, 30, 13, 'A-805/03/2021de 17H00 àAnalyse 5', 'A'),
(45, 6, 11, 'A-609/03/2021de 17H00 àElectricité 2', 'A'),
(46, 6, 11, 'A-605/03/2021de 15H00 àInformatiqu', 'P'),
(47, 34, 14, 'A-808/03/2021de 09H00 àAnalyse 4', 'A'),
(48, 7, 15, 'A-608/03/2021de 09H00 àAnalyse 4', 'A'),
(49, 31, 14, 'A-805/03/2021de 17H00 àAnalyse 5', 'A'),
(50, 7, 15, 'A-605/03/2021de 17H00 àAnalyse 5', 'A'),
(51, 7, 15, 'A-609/03/2021de 15H00 àAlgèbre 4', 'A'),
(52, 7, 15, 'A-608/03/2021de 11H00 àMécanique', 'A'),
(53, 11, 16, 'A-608/03/2021de 09H00 àAnalyse 4', 'A'),
(54, 8, 17, 'A-608/03/2021de 09H00 àAnalyse 4', 'A'),
(55, 11, 16, 'A-605/03/2021de 17H00 àAnalyse 5', 'A'),
(56, 7, 15, 'A-609/03/2021de 17H00 àElectricité 2', 'A'),
(57, 8, 17, 'A-605/03/2021de 17H00 àAnalyse 5', 'A'),
(58, 11, 16, 'A-609/03/2021de 15H00 àAlgèbre 4', 'A'),
(59, 7, 15, 'A-605/03/2021de 15H00 àInformatiqu', 'A'),
(60, 11, 16, 'A-608/03/2021de 11H00 àMécanique', 'A'),
(61, 11, 16, 'A-609/03/2021de 17H00 àElectricité 2', 'A'),
(62, 8, 17, 'A-609/03/2021de 15H00 àAlgèbre 4', 'A'),
(63, 9, 18, 'A-608/03/2021de 09H00 àAnalyse 4', 'A'),
(64, 8, 17, 'A-608/03/2021de 11H00 àMécanique', 'A'),
(65, 8, 17, 'A-609/03/2021de 17H00 àElectricité 2', 'A'),
(66, 11, 16, 'A-605/03/2021de 15H00 àInformatiqu', 'A'),
(67, 9, 18, 'A-605/03/2021de 17H00 àAnalyse 5', 'A'),
(68, 8, 17, 'A-605/03/2021de 15H00 àInformatiqu', 'A'),
(69, 9, 18, 'A-609/03/2021de 15H00 àAlgèbre 4', 'A'),
(70, 9, 18, 'A-608/03/2021de 11H00 àMécanique', 'A'),
(71, 10, 19, 'A-608/03/2021de 09H00 àAnalyse 4', 'A'),
(72, 9, 18, 'A-609/03/2021de 17H00 àElectricité 2', 'A'),
(73, 10, 19, 'A-605/03/2021de 17H00 àAnalyse 5', 'A'),
(74, 9, 18, 'A-605/03/2021de 15H00 àInformatiqu', 'A'),
(75, 10, 19, 'A-609/03/2021de 15H00 àAlgèbre 4', 'A'),
(76, 21, 21, 'A-808/03/2021de 09H00 àAnalyse 4', 'A'),
(77, 10, 19, 'A-608/03/2021de 11H00 àMécanique', 'A'),
(78, 16, 20, 'A-805/03/2021de 15H00 àInformatiqu', 'A'),
(79, 20, 21, 'A-805/03/2021de 17H00 àAnalyse 5', 'A'),
(80, 10, 19, 'A-609/03/2021de 17H00 àElectricité 2', 'A'),
(81, 12, 22, 'A-608/03/2021de 09H00 àAnalyse 4', 'A'),
(82, 10, 19, 'A-605/03/2021de 15H00 àInformatiqu', 'A'),
(83, 12, 22, 'A-605/03/2021de 17H00 àAnalyse 5', 'A'),
(84, 10, 21, 'A-809/03/2021de 17H00 àElectricité 2', 'A'),
(85, 12, 22, 'A-609/03/2021de 15H00 àAlgèbre 4', 'A'),
(86, 12, 22, 'A-608/03/2021de 11H00 àMécanique', 'A'),
(87, 6, 23, 'A-808/03/2021de 09H00 àAnalyse 4', 'A'),
(88, 12, 22, 'A-609/03/2021de 17H00 àElectricité 2', 'A'),
(89, 6, 23, 'A-805/03/2021de 17H00 àAnalyse 5', 'A'),
(90, 12, 22, 'A-605/03/2021de 15H00 àInformatiqu', 'A'),
(91, 8, 23, 'A-809/03/2021de 15H00 àAlgèbre 4', 'A'),
(92, 6, 23, 'A-808/03/2021de 11H00 àMécanique', 'A'),
(93, 5, 24, 'A-805/03/2021de 17H00 àAnalyse 5', 'A'),
(94, 7, 24, 'A-809/03/2021de 15H00 àAlgèbre 4', 'A'),
(95, 5, 24, 'A-808/03/2021de 11H00 àMécanique', 'A'),
(96, 3, 24, 'A-809/03/2021de 17H00 àElectricité 2', 'A'),
(97, 21, 25, 'A-708/03/2021de 09H00 àAnalyse 4', 'A'),
(98, 20, 25, 'A-705/03/2021de 17H00 àAnalyse 5', 'A'),
(99, 21, 25, 'A-709/03/2021de 15H00 àAlgèbre 4', 'A'),
(100, 21, 25, 'A-708/03/2021de 11H00 àMécanique', 'A'),
(101, 22, 26, 'A-708/03/2021de 09H00 àAnalyse 4', 'A'),
(102, 21, 26, 'A-705/03/2021de 17H00 àAnalyse 5', 'A'),
(103, 21, 25, 'A-709/03/2021de 17H00 àElectricité 2', 'A'),
(104, 13, 27, 'A-608/03/2021de 09H00 àAnalyse 4', 'A'),
(105, 22, 26, 'A-709/03/2021de 15H00 àAlgèbre 4', 'A'),
(106, 13, 27, 'A-605/03/2021de 17H00 àAnalyse 5', 'A'),
(107, 22, 26, 'A-708/03/2021de 11H00 àMécanique', 'A'),
(108, 13, 27, 'A-609/03/2021de 15H00 àAlgèbre 4', 'A'),
(109, 22, 26, 'A-709/03/2021de 17H00 àElectricité 2', 'A'),
(110, 13, 27, 'A-608/03/2021de 11H00 àMécanique', 'A'),
(111, 13, 27, 'A-609/03/2021de 17H00 àElectricité 2', 'A'),
(112, 14, 29, 'A-608/03/2021de 09H00 àAnalyse 4', 'A'),
(113, 13, 27, 'A-605/03/2021de 15H00 àInformatiqu', 'A'),
(114, 23, 28, 'A-708/03/2021de 09H00 àAnalyse 4', 'A'),
(115, 22, 28, 'A-705/03/2021de 17H00 àAnalyse 5', 'A'),
(116, 14, 29, 'A-605/03/2021de 17H00 àAnalyse 5', 'A'),
(117, 23, 28, 'A-709/03/2021de 15H00 àAlgèbre 4', 'A'),
(118, 23, 28, 'A-708/03/2021de 11H00 àMécanique', 'A'),
(119, 14, 29, 'A-609/03/2021de 15H00 àAlgèbre 4', 'A'),
(120, 23, 28, 'A-709/03/2021de 17H00 àElectricité 2', 'A'),
(121, 14, 29, 'A-608/03/2021de 11H00 àMécanique', 'A'),
(122, 14, 29, 'A-609/03/2021de 17H00 àElectricité 2', 'A'),
(123, 14, 29, 'A-605/03/2021de 15H00 àInformatiqu', 'A'),
(124, 15, 30, 'A-608/03/2021de 09H00 àAnalyse 4', 'A'),
(125, 15, 30, 'A-605/03/2021de 17H00 àAnalyse 5', 'A'),
(126, 15, 30, 'A-609/03/2021de 15H00 àAlgèbre 4', 'A'),
(127, 15, 30, 'A-608/03/2021de 11H00 àMécanique', 'A'),
(128, 15, 30, 'A-609/03/2021de 17H00 àElectricité 2', 'A'),
(129, 15, 30, 'A-605/03/2021de 15H00 àInformatiqu', 'A'),
(130, 24, 31, 'A-809/03/2021de 15H00 àAlgèbre 4', 'A'),
(131, 11, 31, 'A-809/03/2021de 17H00 àElectricité 2', 'A'),
(132, 16, 33, 'A-608/03/2021de 09H00 àAnalyse 4', 'A'),
(133, 26, 31, 'A-705/03/2021de 15H00 àInformatiqu', 'A'),
(134, 16, 33, 'A-605/03/2021de 17H00 àAnalyse 5', 'A'),
(135, 18, 32, 'A-608/03/2021de 09H00 àAnalyse 4', 'A'),
(136, 19, 34, 'A-608/03/2021de 09H00 àAnalyse 4', 'A'),
(137, 16, 33, 'A-609/03/2021de 15H00 àAlgèbre 4', 'A'),
(138, 38, 35, 'A-808/03/2021de 09H00 àAnalyse 4', 'A'),
(139, 18, 32, 'A-605/03/2021de 17H00 àAnalyse 5', 'A'),
(140, 17, 36, 'A-608/03/2021de 09H00 àAnalyse 4', 'A'),
(141, 17, 36, 'A-605/03/2021de 17H00 àAnalyse 5', 'A'),
(142, 16, 33, 'A-608/03/2021de 11H00 àMécanique', 'A'),
(143, 17, 36, 'A-609/03/2021de 15H00 àAlgèbre 4', 'A'),
(144, 19, 34, 'A-605/03/2021de 17H00 àAnalyse 5', 'A'),
(145, 17, 36, 'A-608/03/2021de 11H00 àMécanique', 'A'),
(146, 16, 33, 'A-609/03/2021de 17H00 àElectricité 2', 'A'),
(147, 17, 36, 'A-609/03/2021de 17H00 àElectricité 2', 'A'),
(148, 19, 34, 'A-609/03/2021de 15H00 àAlgèbre 4', 'A'),
(149, 16, 33, 'A-605/03/2021de 15H00 àInformatiqu', 'A'),
(150, 17, 36, 'A-605/03/2021de 15H00 àInformatiqu', 'A'),
(151, 19, 34, 'A-608/03/2021de 11H00 àMécanique', 'A'),
(152, 18, 32, 'A-609/03/2021de 15H00 àAlgèbre 4', 'A'),
(153, 19, 34, 'A-609/03/2021de 17H00 àElectricité 2', 'A'),
(154, 18, 32, 'A-608/03/2021de 11H00 àMécanique', 'A'),
(155, 19, 34, 'A-605/03/2021de 15H00 àInformatiqu', 'A'),
(156, 18, 32, 'A-609/03/2021de 17H00 àElectricité 2', 'A'),
(157, 18, 32, 'A-605/03/2021de 15H00 àInformatiqu', 'A'),
(158, 23, 37, 'A-705/03/2021de 17H00 àAnalyse 5', 'A'),
(159, 17, 38, 'A-805/03/2021de 15H00 àInformatiqu', 'A'),
(160, 24, 37, 'A-709/03/2021de 15H00 àAlgèbre 4', 'A'),
(161, 24, 37, 'A-708/03/2021de 11H00 àMécanique', 'A'),
(162, 24, 37, 'A-709/03/2021de 17H00 àElectricité 2', 'A'),
(163, 20, 37, 'A-705/03/2021de 15H00 àInformatiqu', 'A'),
(164, 21, 39, 'A-608/03/2021de 09H00 àAnalyse 4', 'A'),
(165, 14, 40, 'A-809/03/2021de 17H00 àElectricité 2', 'A'),
(166, 30, 40, 'A-705/03/2021de 15H00 àInformatiqu', 'A'),
(167, 21, 39, 'A-605/03/2021de 17H00 àAnalyse 5', 'A'),
(168, 21, 39, 'A-609/03/2021de 15H00 àAlgèbre 4', 'A'),
(169, 21, 39, 'A-608/03/2021de 11H00 àMécanique', 'A'),
(170, 22, 41, 'A-808/03/2021de 09H00 àAnalyse 4', 'A'),
(171, 21, 39, 'A-609/03/2021de 17H00 àElectricité 2', 'A'),
(172, 21, 41, 'A-805/03/2021de 17H00 àAnalyse 5', 'A'),
(173, 21, 39, 'A-605/03/2021de 15H00 àInformatiqu', 'A'),
(174, 24, 43, 'A-708/03/2021de 09H00 àAnalyse 4', 'A'),
(175, 24, 43, 'A-705/03/2021de 17H00 àAnalyse 5', 'A'),
(176, 9, 41, 'A-805/03/2021de 15H00 àInformatiqu', 'A'),
(177, 25, 43, 'A-709/03/2021de 15H00 àAlgèbre 4', 'A'),
(178, 7, 42, 'A-808/03/2021de 09H00 àAnalyse 4', 'A'),
(179, 7, 42, 'A-805/03/2021de 17H00 àAnalyse 5', 'A'),
(180, 25, 43, 'A-708/03/2021de 11H00 àMécanique', 'A'),
(181, 20, 44, 'A-608/03/2021de 09H00 àAnalyse 4', 'A'),
(182, 9, 42, 'A-809/03/2021de 15H00 àAlgèbre 4', 'A'),
(183, 20, 44, 'A-605/03/2021de 17H00 àAnalyse 5', 'A'),
(184, 7, 42, 'A-808/03/2021de 11H00 àMécanique', 'A'),
(185, 20, 44, 'A-609/03/2021de 15H00 àAlgèbre 4', 'A'),
(186, 25, 43, 'A-709/03/2021de 17H00 àElectricité 2', 'A'),
(187, 20, 44, 'A-608/03/2021de 11H00 àMécanique', 'A'),
(188, 25, 45, 'A-708/03/2021de 09H00 àAnalyse 4', 'A'),
(189, 25, 45, 'A-705/03/2021de 17H00 àAnalyse 5', 'A'),
(190, 26, 45, 'A-709/03/2021de 15H00 àAlgèbre 4', 'A'),
(191, 35, 46, 'A-808/03/2021de 09H00 àAnalyse 4', 'A'),
(192, 15, 47, 'A-809/03/2021de 17H00 àElectricité 2', 'A'),
(193, 26, 45, 'A-708/03/2021de 11H00 àMécanique', 'A'),
(194, 31, 47, 'A-705/03/2021de 15H00 àInformatiqu', 'A'),
(195, 26, 45, 'A-709/03/2021de 17H00 àElectricité 2', 'A'),
(196, 20, 44, 'A-609/03/2021de 17H00 àElectricité 2', 'A'),
(197, 20, 44, 'A-605/03/2021de 15H00 àInformatiqu', 'A'),
(198, 32, 46, 'A-805/03/2021de 17H00 àAnalyse 5', 'A'),
(199, 26, 48, 'A-708/03/2021de 09H00 àAnalyse 4', 'A'),
(200, 26, 48, 'A-705/03/2021de 17H00 àAnalyse 5', 'A'),
(201, 27, 48, 'A-709/03/2021de 15H00 àAlgèbre 4', 'A'),
(202, 27, 48, 'A-708/03/2021de 11H00 àMécanique', 'A'),
(203, 27, 48, 'A-709/03/2021de 17H00 àElectricité 2', 'A'),
(204, 22, 50, 'A-608/03/2021de 09H00 àAnalyse 4', 'A'),
(205, 22, 50, 'A-605/03/2021de 17H00 àAnalyse 5', 'A'),
(206, 23, 49, 'A-608/03/2021de 09H00 àAnalyse 4', 'A'),
(207, 24, 51, 'A-608/03/2021de 09H00 àAnalyse 4', 'A'),
(208, 22, 50, 'A-609/03/2021de 15H00 àAlgèbre 4', 'A'),
(209, 23, 49, 'A-605/03/2021de 17H00 àAnalyse 5', 'A'),
(210, 27, 52, 'A-708/03/2021de 09H00 àAnalyse 4', 'A'),
(211, 22, 50, 'A-608/03/2021de 11H00 àMécanique', 'A'),
(212, 27, 52, 'A-705/03/2021de 17H00 àAnalyse 5', 'A'),
(213, 22, 50, 'A-609/03/2021de 17H00 àElectricité 2', 'A'),
(214, 28, 52, 'A-709/03/2021de 15H00 àAlgèbre 4', 'A'),
(215, 24, 51, 'A-605/03/2021de 17H00 àAnalyse 5', 'A'),
(216, 23, 49, 'A-609/03/2021de 15H00 àAlgèbre 4', 'A'),
(217, 25, 53, 'A-608/03/2021de 09H00 àAnalyse 4', 'A'),
(218, 28, 54, 'A-708/03/2021de 09H00 àAnalyse 4', 'A'),
(219, 23, 49, 'A-608/03/2021de 11H00 àMécanique', 'A'),
(220, 24, 51, 'A-609/03/2021de 15H00 àAlgèbre 4', 'A'),
(221, 28, 52, 'A-708/03/2021de 11H00 àMécanique', 'A'),
(222, 22, 50, 'A-605/03/2021de 15H00 àInformatiqu', 'A'),
(223, 28, 54, 'A-705/03/2021de 17H00 àAnalyse 5', 'A'),
(224, 28, 52, 'A-709/03/2021de 17H00 àElectricité 2', 'A'),
(225, 24, 51, 'A-608/03/2021de 11H00 àMécanique', 'A'),
(226, 25, 53, 'A-605/03/2021de 17H00 àAnalyse 5', 'A'),
(227, 23, 49, 'A-609/03/2021de 17H00 àElectricité 2', 'A'),
(228, 29, 54, 'A-709/03/2021de 15H00 àAlgèbre 4', 'A'),
(229, 29, 54, 'A-708/03/2021de 11H00 àMécanique', 'A'),
(230, 29, 54, 'A-709/03/2021de 17H00 àElectricité 2', 'A'),
(231, 25, 53, 'A-609/03/2021de 15H00 àAlgèbre 4', 'A'),
(232, 24, 51, 'A-609/03/2021de 17H00 àElectricité 2', 'A'),
(233, 23, 49, 'A-605/03/2021de 15H00 àInformatiqu', 'A'),
(234, 25, 53, 'A-608/03/2021de 11H00 àMécanique', 'A'),
(235, 25, 53, 'A-609/03/2021de 17H00 àElectricité 2', 'A'),
(236, 24, 51, 'A-605/03/2021de 15H00 àInformatiqu', 'A'),
(237, 25, 53, 'A-605/03/2021de 15H00 àInformatiqu', 'A'),
(238, 21, 55, 'A-809/03/2021de 17H00 àElectricité 2', 'A'),
(239, 23, 56, 'A-808/03/2021de 09H00 àAnalyse 4', 'A'),
(240, 22, 56, 'A-805/03/2021de 17H00 àAnalyse 5', 'A'),
(241, 25, 56, 'A-809/03/2021de 15H00 àAlgèbre 4', 'A'),
(242, 22, 57, 'A-809/03/2021de 17H00 àElectricité 2', 'A'),
(243, 26, 58, 'A-608/03/2021de 09H00 àAnalyse 4', 'A'),
(244, 12, 59, 'A-809/03/2021de 15H00 àAlgèbre 4', 'A'),
(245, 9, 59, 'A-808/03/2021de 11H00 àMécanique', 'A'),
(246, 26, 58, 'A-605/03/2021de 17H00 àAnalyse 5', 'A'),
(247, 8, 60, 'A-808/03/2021de 09H00 àAnalyse 4', 'A'),
(248, 8, 61, 'A-805/03/2021de 17H00 àAnalyse 5', 'A'),
(249, 5, 59, 'A-809/03/2021de 17H00 àElectricité 2', 'A'),
(250, 26, 58, 'A-609/03/2021de 15H00 àAlgèbre 4', 'A'),
(251, 9, 60, 'A-805/03/2021de 17H00 àAnalyse 5', 'A'),
(252, 10, 61, 'A-809/03/2021de 15H00 àAlgèbre 4', 'A'),
(253, 26, 58, 'A-608/03/2021de 11H00 àMécanique', 'A'),
(254, 25, 59, 'A-705/03/2021de 15H00 àInformatiqu', 'A'),
(255, 26, 58, 'A-609/03/2021de 17H00 àElectricité 2', 'A'),
(256, 8, 61, 'A-808/03/2021de 11H00 àMécanique', 'A'),
(257, 11, 60, 'A-809/03/2021de 15H00 àAlgèbre 4', 'A'),
(258, 26, 58, 'A-605/03/2021de 15H00 àInformatiqu', 'A'),
(259, 4, 61, 'A-809/03/2021de 17H00 àElectricité 2', 'A'),
(260, 5, 60, 'A-805/03/2021de 15H00 àInformatiqu', 'A'),
(261, 29, 62, 'A-708/03/2021de 09H00 àAnalyse 4', 'A'),
(262, 29, 62, 'A-705/03/2021de 17H00 àAnalyse 5', 'A'),
(263, 30, 62, 'A-709/03/2021de 15H00 àAlgèbre 4', 'A'),
(264, 30, 62, 'A-708/03/2021de 11H00 àMécanique', 'A'),
(265, 30, 62, 'A-709/03/2021de 17H00 àElectricité 2', 'A'),
(266, 9, 63, 'A-808/03/2021de 09H00 àAnalyse 4', 'A'),
(267, 10, 63, 'A-805/03/2021de 17H00 àAnalyse 5', 'A'),
(268, 13, 63, 'A-809/03/2021de 15H00 àAlgèbre 4', 'A'),
(269, 6, 63, 'A-805/03/2021de 15H00 àInformatiqu', 'A'),
(270, 27, 64, 'A-608/03/2021de 09H00 àAnalyse 4', 'A'),
(271, 24, 65, 'A-808/03/2021de 09H00 àAnalyse 4', 'A'),
(272, 27, 64, 'A-605/03/2021de 17H00 àAnalyse 5', 'A'),
(273, 23, 65, 'A-805/03/2021de 17H00 àAnalyse 5', 'A'),
(274, 27, 64, 'A-609/03/2021de 15H00 àAlgèbre 4', 'A'),
(275, 31, 66, 'A-708/03/2021de 09H00 àAnalyse 4', 'A'),
(276, 10, 65, 'A-805/03/2021de 15H00 àInformatiqu', 'A'),
(277, 18, 67, 'A-805/03/2021de 15H00 àInformatiqu', 'A'),
(278, 31, 66, 'A-705/03/2021de 17H00 àAnalyse 5', 'A'),
(279, 30, 68, 'A-708/03/2021de 09H00 àAnalyse 4', 'A'),
(280, 31, 66, 'A-709/03/2021de 15H00 àAlgèbre 4', 'A'),
(281, 30, 68, 'A-705/03/2021de 17H00 àAnalyse 5', 'A'),
(282, 31, 68, 'A-708/03/2021de 11H00 àMécanique', 'A'),
(283, 31, 68, 'A-709/03/2021de 17H00 àElectricité 2', 'A'),
(284, 27, 64, 'A-608/03/2021de 11H00 àMécanique', 'A'),
(285, 21, 68, 'A-705/03/2021de 15H00 àInformatiqu', 'A'),
(286, 32, 66, 'A-708/03/2021de 11H00 àMécanique', 'A'),
(287, 27, 64, 'A-609/03/2021de 17H00 àElectricité 2', 'A'),
(288, 22, 66, 'A-705/03/2021de 15H00 àInformatiqu', 'A'),
(289, 27, 64, 'A-605/03/2021de 15H00 àInformatiqu', 'A'),
(290, 29, 69, 'A-608/03/2021de 09H00 àAnalyse 4', 'A'),
(291, 29, 69, 'A-605/03/2021de 17H00 àAnalyse 5', 'A'),
(292, 29, 69, 'A-609/03/2021de 15H00 àAlgèbre 4', 'A'),
(293, 29, 69, 'A-608/03/2021de 11H00 àMécanique', 'A'),
(294, 29, 69, 'A-609/03/2021de 17H00 àElectricité 2', 'A'),
(295, 36, 70, 'A-808/03/2021de 09H00 àAnalyse 4', 'A'),
(296, 29, 69, 'A-605/03/2021de 15H00 àInformatiqu', 'A'),
(297, 23, 70, 'A-808/03/2021de 11H00 àMécanique', 'A'),
(298, 30, 71, 'A-608/03/2021de 09H00 àAnalyse 4', 'A'),
(299, 30, 71, 'A-605/03/2021de 17H00 àAnalyse 5', 'A'),
(300, 30, 71, 'A-609/03/2021de 15H00 àAlgèbre 4', 'A'),
(301, 30, 71, 'A-608/03/2021de 11H00 àMécanique', 'A'),
(302, 30, 71, 'A-609/03/2021de 17H00 àElectricité 2', 'A'),
(303, 30, 71, 'A-605/03/2021de 15H00 àInformatiqu', 'A'),
(304, 32, 72, 'A-708/03/2021de 09H00 àAnalyse 4', 'A'),
(305, 32, 72, 'A-705/03/2021de 17H00 àAnalyse 5', 'A'),
(306, 32, 72, 'A-709/03/2021de 15H00 àAlgèbre 4', 'A'),
(307, 33, 72, 'A-708/03/2021de 11H00 àMécanique', 'A'),
(308, 32, 72, 'A-709/03/2021de 17H00 àElectricité 2', 'A'),
(309, 10, 74, 'A-808/03/2021de 09H00 àAnalyse 4', 'A'),
(310, 14, 74, 'A-809/03/2021de 15H00 àAlgèbre 4', 'A'),
(311, 31, 73, 'A-608/03/2021de 09H00 àAnalyse 4', 'A'),
(312, 10, 74, 'A-808/03/2021de 11H00 àMécanique', 'A'),
(313, 31, 73, 'A-605/03/2021de 17H00 àAnalyse 5', 'A'),
(314, 6, 74, 'A-809/03/2021de 17H00 àElectricité 2', 'A'),
(315, 31, 73, 'A-609/03/2021de 15H00 àAlgèbre 4', 'A'),
(316, 31, 73, 'A-608/03/2021de 11H00 àMécanique', 'A'),
(317, 32, 75, 'A-608/03/2021de 09H00 àAnalyse 4', 'A'),
(318, 31, 73, 'A-609/03/2021de 17H00 àElectricité 2', 'A'),
(319, 28, 76, 'A-608/03/2021de 09H00 àAnalyse 4', 'A'),
(320, 28, 76, 'A-605/03/2021de 17H00 àAnalyse 5', 'A'),
(321, 32, 75, 'A-605/03/2021de 17H00 àAnalyse 5', 'A'),
(322, 28, 76, 'A-609/03/2021de 15H00 àAlgèbre 4', 'A'),
(323, 31, 73, 'A-605/03/2021de 15H00 àInformatiqu', 'A'),
(324, 32, 75, 'A-609/03/2021de 15H00 àAlgèbre 4', 'A'),
(325, 28, 76, 'A-608/03/2021de 11H00 àMécanique', 'A'),
(326, 25, 77, 'A-808/03/2021de 09H00 àAnalyse 4', 'A'),
(327, 32, 75, 'A-608/03/2021de 11H00 àMécanique', 'A'),
(328, 26, 77, 'A-809/03/2021de 15H00 àAlgèbre 4', 'A'),
(329, 28, 76, 'A-609/03/2021de 17H00 àElectricité 2', 'A'),
(330, 32, 75, 'A-609/03/2021de 17H00 àElectricité 2', 'A'),
(331, 28, 76, 'A-605/03/2021de 15H00 àInformatiqu', 'A'),
(332, 32, 75, 'A-605/03/2021de 15H00 àInformatiqu', 'A'),
(333, 27, 77, 'A-705/03/2021de 15H00 àInformatiqu', 'A'),
(334, 33, 78, 'A-608/03/2021de 09H00 àAnalyse 4', 'A'),
(335, 19, 79, 'A-805/03/2021de 15H00 àInformatiqu', 'A'),
(336, 33, 78, 'A-605/03/2021de 17H00 àAnalyse 5', 'A'),
(337, 33, 78, 'A-609/03/2021de 15H00 àAlgèbre 4', 'A'),
(338, 33, 78, 'A-608/03/2021de 11H00 àMécanique', 'A'),
(339, 33, 78, 'A-609/03/2021de 17H00 àElectricité 2', 'A'),
(340, 23, 82, 'A-809/03/2021de 17H00 àElectricité 2', 'A'),
(341, 33, 80, 'A-805/03/2021de 17H00 àAnalyse 5', 'A'),
(342, 34, 81, 'A-608/03/2021de 09H00 àAnalyse 4', 'A'),
(343, 33, 78, 'A-605/03/2021de 15H00 àInformatiqu', 'A'),
(344, 31, 83, 'A-809/03/2021de 15H00 àAlgèbre 4', 'A'),
(345, 25, 83, 'A-808/03/2021de 11H00 àMécanique', 'A'),
(346, 34, 81, 'A-605/03/2021de 17H00 àAnalyse 5', 'A'),
(347, 24, 80, 'A-808/03/2021de 11H00 àMécanique', 'A'),
(348, 34, 81, 'A-609/03/2021de 15H00 àAlgèbre 4', 'A'),
(349, 34, 81, 'A-608/03/2021de 11H00 àMécanique', 'A'),
(350, 34, 81, 'A-609/03/2021de 17H00 àElectricité 2', 'A'),
(351, 34, 81, 'A-605/03/2021de 15H00 àInformatiqu', 'A'),
(352, 16, 85, 'A-809/03/2021de 17H00 àElectricité 2', 'A'),
(353, 12, 85, 'A-805/03/2021de 15H00 àInformatiqu', 'A'),
(354, 26, 87, 'A-808/03/2021de 09H00 àAnalyse 4', 'A'),
(355, 27, 87, 'A-809/03/2021de 15H00 àAlgèbre 4', 'A'),
(356, 35, 84, 'A-608/03/2021de 09H00 àAnalyse 4', 'A'),
(357, 24, 86, 'A-809/03/2021de 17H00 àElectricité 2', 'A'),
(358, 35, 84, 'A-605/03/2021de 17H00 àAnalyse 5', 'A'),
(359, 20, 87, 'A-808/03/2021de 11H00 àMécanique', 'A'),
(360, 35, 84, 'A-609/03/2021de 15H00 àAlgèbre 4', 'A'),
(361, 35, 84, 'A-608/03/2021de 11H00 àMécanique', 'A'),
(362, 35, 84, 'A-609/03/2021de 17H00 àElectricité 2', 'A'),
(363, 35, 84, 'A-605/03/2021de 15H00 àInformatiqu', 'A'),
(364, 11, 89, 'A-808/03/2021de 09H00 àAnalyse 4', 'A'),
(365, 11, 89, 'A-805/03/2021de 17H00 àAnalyse 5', 'A'),
(366, 15, 89, 'A-809/03/2021de 15H00 àAlgèbre 4', 'A'),
(367, 7, 89, 'A-805/03/2021de 15H00 àInformatiqu', 'A'),
(368, 36, 88, 'A-608/03/2021de 09H00 àAnalyse 4', 'A'),
(369, 36, 88, 'A-605/03/2021de 17H00 àAnalyse 5', 'A'),
(370, 36, 88, 'A-609/03/2021de 15H00 àAlgèbre 4', 'A'),
(371, 12, 90, 'A-808/03/2021de 09H00 àAnalyse 4', 'A'),
(372, 12, 90, 'A-805/03/2021de 17H00 àAnalyse 5', 'A'),
(373, 36, 88, 'A-608/03/2021de 11H00 àMécanique', 'A'),
(374, 36, 88, 'A-609/03/2021de 17H00 àElectricité 2', 'A'),
(375, 16, 90, 'A-809/03/2021de 15H00 àAlgèbre 4', 'A'),
(376, 36, 88, 'A-605/03/2021de 15H00 àInformatiqu', 'A'),
(377, 11, 90, 'A-808/03/2021de 11H00 àMécanique', 'A'),
(378, 38, 91, 'A-608/03/2021de 09H00 àAnalyse 4', 'A'),
(379, 38, 91, 'A-605/03/2021de 17H00 àAnalyse 5', 'A'),
(380, 38, 91, 'A-609/03/2021de 15H00 àAlgèbre 4', 'A'),
(381, 38, 91, 'A-608/03/2021de 11H00 àMécanique', 'A'),
(382, 38, 91, 'A-609/03/2021de 17H00 àElectricité 2', 'A'),
(383, 38, 91, 'A-605/03/2021de 15H00 àInformatiqu', 'A'),
(384, 33, 92, 'A-708/03/2021de 09H00 àAnalyse 4', 'A'),
(385, 33, 92, 'A-705/03/2021de 17H00 àAnalyse 5', 'A'),
(386, 40, 94, 'A-608/03/2021de 09H00 àAnalyse 4', 'A'),
(387, 40, 94, 'A-605/03/2021de 17H00 àAnalyse 5', 'A'),
(388, 40, 94, 'A-609/03/2021de 15H00 àAlgèbre 4', 'A'),
(389, 33, 92, 'A-709/03/2021de 15H00 àAlgèbre 4', 'A'),
(390, 37, 95, 'A-608/03/2021de 09H00 àAnalyse 4', 'A'),
(391, 34, 92, 'A-708/03/2021de 11H00 àMécanique', 'A'),
(392, 40, 94, 'A-608/03/2021de 11H00 àMécanique', 'A'),
(393, 37, 95, 'A-605/03/2021de 17H00 àAnalyse 5', 'A'),
(394, 40, 94, 'A-609/03/2021de 17H00 àElectricité 2', 'A'),
(395, 37, 95, 'A-609/03/2021de 15H00 àAlgèbre 4', 'A'),
(396, 33, 92, 'A-709/03/2021de 17H00 àElectricité 2', 'A'),
(397, 37, 95, 'A-608/03/2021de 11H00 àMécanique', 'A'),
(398, 39, 93, 'A-608/03/2021de 09H00 àAnalyse 4', 'A'),
(399, 40, 94, 'A-605/03/2021de 15H00 àInformatiqu', 'A'),
(400, 39, 93, 'A-605/03/2021de 17H00 àAnalyse 5', 'A'),
(401, 37, 95, 'A-609/03/2021de 17H00 àElectricité 2', 'A'),
(402, 39, 93, 'A-609/03/2021de 15H00 àAlgèbre 4', 'A'),
(403, 37, 95, 'A-605/03/2021de 15H00 àInformatiqu', 'A'),
(404, 41, 96, 'A-608/03/2021de 09H00 àAnalyse 4', 'A'),
(405, 39, 93, 'A-608/03/2021de 11H00 àMécanique', 'A'),
(406, 39, 93, 'A-609/03/2021de 17H00 àElectricité 2', 'A'),
(407, 41, 96, 'A-605/03/2021de 17H00 àAnalyse 5', 'A'),
(408, 41, 96, 'A-609/03/2021de 15H00 àAlgèbre 4', 'A'),
(409, 39, 93, 'A-605/03/2021de 15H00 àInformatiqu', 'A'),
(410, 41, 96, 'A-608/03/2021de 11H00 àMécanique', 'A'),
(411, 41, 96, 'A-609/03/2021de 17H00 àElectricité 2', 'A'),
(412, 42, 97, 'A-608/03/2021de 09H00 àAnalyse 4', 'A'),
(413, 41, 96, 'A-605/03/2021de 15H00 àInformatiqu', 'A'),
(414, 42, 97, 'A-605/03/2021de 17H00 àAnalyse 5', 'A'),
(415, 42, 97, 'A-609/03/2021de 15H00 àAlgèbre 4', 'A'),
(416, 34, 98, 'A-708/03/2021de 09H00 àAnalyse 4', 'A'),
(417, 20, 100, 'A-805/03/2021de 15H00 àInformatiqu', 'A'),
(418, 34, 98, 'A-705/03/2021de 17H00 àAnalyse 5', 'A'),
(419, 13, 101, 'A-808/03/2021de 09H00 àAnalyse 4', 'A'),
(420, 42, 97, 'A-608/03/2021de 11H00 àMécanique', 'A'),
(421, 42, 97, 'A-609/03/2021de 17H00 àElectricité 2', 'A'),
(422, 24, 99, 'A-805/03/2021de 17H00 àAnalyse 5', 'A'),
(423, 28, 99, 'A-809/03/2021de 15H00 àAlgèbre 4', 'A'),
(424, 42, 97, 'A-605/03/2021de 15H00 àInformatiqu', 'A'),
(425, 21, 99, 'A-808/03/2021de 11H00 àMécanique', 'A'),
(426, 34, 98, 'A-709/03/2021de 15H00 àAlgèbre 4', 'A'),
(427, 13, 101, 'A-805/03/2021de 17H00 àAnalyse 5', 'A'),
(428, 7, 101, 'A-809/03/2021de 17H00 àElectricité 2', 'A'),
(429, 8, 101, 'A-805/03/2021de 15H00 àInformatiqu', 'A'),
(430, 25, 102, 'A-809/03/2021de 17H00 àElectricité 2', 'A'),
(431, 35, 98, 'A-708/03/2021de 11H00 àMécanique', 'A'),
(432, 34, 98, 'A-709/03/2021de 17H00 àElectricité 2', 'A'),
(433, 2, 104, 'A-708/03/2021de 09H00 àAnalyse 4', 'A'),
(434, 2, 104, 'A-705/03/2021de 17H00 àAnalyse 5', 'A'),
(435, 36, 103, 'A-708/03/2021de 09H00 àAnalyse 4', 'A'),
(436, 36, 103, 'A-705/03/2021de 17H00 àAnalyse 5', 'A'),
(437, 35, 105, 'A-708/03/2021de 09H00 àAnalyse 4', 'A'),
(438, 2, 104, 'A-709/03/2021de 15H00 àAlgèbre 4', 'A'),
(439, 36, 103, 'A-709/03/2021de 15H00 àAlgèbre 4', 'A'),
(440, 35, 105, 'A-705/03/2021de 17H00 àAnalyse 5', 'A'),
(441, 37, 103, 'A-708/03/2021de 11H00 àMécanique', 'A'),
(442, 35, 105, 'A-709/03/2021de 15H00 àAlgèbre 4', 'A'),
(443, 23, 103, 'A-705/03/2021de 15H00 àInformatiqu', 'A'),
(444, 2, 104, 'A-708/03/2021de 11H00 àMécanique', 'A'),
(445, 3, 106, 'A-708/03/2021de 09H00 àAnalyse 4', 'A'),
(446, 3, 106, 'A-705/03/2021de 17H00 àAnalyse 5', 'A'),
(447, 2, 104, 'A-709/03/2021de 17H00 àElectricité 2', 'A'),
(448, 36, 105, 'A-708/03/2021de 11H00 àMécanique', 'A'),
(449, 35, 105, 'A-709/03/2021de 17H00 àElectricité 2', 'A'),
(450, 3, 106, 'A-709/03/2021de 15H00 àAlgèbre 4', 'A'),
(451, 2, 104, 'A-705/03/2021de 15H00 àInformatiqu', 'A'),
(452, 3, 106, 'A-708/03/2021de 11H00 àMécanique', 'A'),
(453, 14, 107, 'A-808/03/2021de 09H00 àAnalyse 4', 'A'),
(454, 17, 107, 'A-809/03/2021de 15H00 àAlgèbre 4', 'A'),
(455, 12, 107, 'A-808/03/2021de 11H00 àMécanique', 'A'),
(456, 8, 107, 'A-809/03/2021de 17H00 àElectricité 2', 'A'),
(457, 3, 106, 'A-709/03/2021de 17H00 àElectricité 2', 'A'),
(458, 3, 106, 'A-705/03/2021de 15H00 àInformatiqu', 'A'),
(459, 1, 108, 'A-708/03/2021de 09H00 àAnalyse 4', 'A'),
(460, 1, 108, 'A-705/03/2021de 17H00 àAnalyse 5', 'A'),
(461, 1, 108, 'A-709/03/2021de 15H00 àAlgèbre 4', 'A'),
(462, 1, 108, 'A-708/03/2021de 11H00 àMécanique', 'A'),
(463, 1, 108, 'A-709/03/2021de 17H00 àElectricité 2', 'A'),
(464, 1, 108, 'A-705/03/2021de 15H00 àInformatiqu', 'A'),
(465, 17, 110, 'A-809/03/2021de 17H00 àElectricité 2', 'A'),
(466, 15, 109, 'A-808/03/2021de 09H00 àAnalyse 4', 'A'),
(467, 13, 110, 'A-805/03/2021de 15H00 àInformatiqu', 'A'),
(468, 14, 109, 'A-805/03/2021de 17H00 àAnalyse 5', 'A'),
(469, 18, 109, 'A-809/03/2021de 15H00 àAlgèbre 4', 'A'),
(470, 13, 109, 'A-808/03/2021de 11H00 àMécanique', 'A'),
(471, 4, 111, 'A-708/03/2021de 09H00 àAnalyse 4', 'A'),
(472, 4, 111, 'A-705/03/2021de 17H00 àAnalyse 5', 'A'),
(473, 4, 111, 'A-709/03/2021de 15H00 àAlgèbre 4', 'A'),
(474, 4, 111, 'A-708/03/2021de 11H00 àMécanique', 'A'),
(475, 4, 111, 'A-709/03/2021de 17H00 àElectricité 2', 'A'),
(476, 4, 111, 'A-705/03/2021de 15H00 àInformatiqu', 'A'),
(477, 37, 112, 'A-708/03/2021de 09H00 àAnalyse 4', 'A'),
(478, 37, 112, 'A-705/03/2021de 17H00 àAnalyse 5', 'A'),
(479, 37, 112, 'A-709/03/2021de 15H00 àAlgèbre 4', 'A'),
(480, 38, 112, 'A-708/03/2021de 11H00 àMécanique', 'A'),
(481, 5, 113, 'A-708/03/2021de 09H00 àAnalyse 4', 'A'),
(482, 5, 113, 'A-705/03/2021de 17H00 àAnalyse 5', 'A'),
(483, 36, 112, 'A-709/03/2021de 17H00 àElectricité 2', 'A'),
(484, 5, 113, 'A-709/03/2021de 15H00 àAlgèbre 4', 'A'),
(485, 5, 113, 'A-708/03/2021de 11H00 àMécanique', 'A'),
(486, 5, 113, 'A-709/03/2021de 17H00 àElectricité 2', 'A'),
(487, 5, 113, 'A-705/03/2021de 15H00 àInformatiqu', 'A'),
(488, 37, 114, 'A-808/03/2021de 09H00 àAnalyse 4', 'A'),
(489, 34, 114, 'A-805/03/2021de 17H00 àAnalyse 5', 'A'),
(490, 7, 115, 'A-708/03/2021de 09H00 àAnalyse 4', 'A'),
(491, 7, 115, 'A-705/03/2021de 17H00 àAnalyse 5', 'A'),
(492, 7, 115, 'A-709/03/2021de 15H00 àAlgèbre 4', 'A'),
(493, 7, 115, 'A-708/03/2021de 11H00 àMécanique', 'A'),
(494, 21, 117, 'A-805/03/2021de 15H00 àInformatiqu', 'A'),
(495, 6, 116, 'A-708/03/2021de 09H00 àAnalyse 4', 'A'),
(496, 7, 115, 'A-709/03/2021de 17H00 àElectricité 2', 'A'),
(497, 7, 115, 'A-705/03/2021de 15H00 àInformatiqu', 'A'),
(498, 6, 116, 'A-705/03/2021de 17H00 àAnalyse 5', 'A'),
(499, 38, 118, 'A-708/03/2021de 09H00 àAnalyse 4', 'A'),
(500, 6, 116, 'A-709/03/2021de 15H00 àAlgèbre 4', 'A'),
(501, 38, 118, 'A-705/03/2021de 17H00 àAnalyse 5', 'A'),
(502, 6, 116, 'A-708/03/2021de 11H00 àMécanique', 'A'),
(503, 6, 116, 'A-709/03/2021de 17H00 àElectricité 2', 'A'),
(504, 38, 118, 'A-709/03/2021de 15H00 àAlgèbre 4', 'A'),
(505, 6, 116, 'A-705/03/2021de 15H00 àInformatiqu', 'A'),
(506, 39, 118, 'A-708/03/2021de 11H00 àMécanique', 'A'),
(507, 16, 119, 'A-808/03/2021de 09H00 àAnalyse 4', 'A'),
(508, 37, 118, 'A-709/03/2021de 17H00 àElectricité 2', 'A'),
(509, 15, 119, 'A-805/03/2021de 17H00 àAnalyse 5', 'A'),
(510, 19, 119, 'A-809/03/2021de 15H00 àAlgèbre 4', 'A'),
(511, 14, 119, 'A-808/03/2021de 11H00 àMécanique', 'A'),
(512, 8, 120, 'A-708/03/2021de 09H00 àAnalyse 4', 'A'),
(513, 8, 120, 'A-705/03/2021de 17H00 àAnalyse 5', 'A'),
(514, 8, 120, 'A-709/03/2021de 15H00 àAlgèbre 4', 'A'),
(515, 8, 120, 'A-708/03/2021de 11H00 àMécanique', 'A'),
(516, 25, 121, 'A-805/03/2021de 17H00 àAnalyse 5', 'A'),
(517, 8, 120, 'A-709/03/2021de 17H00 àElectricité 2', 'A'),
(518, 22, 121, 'A-808/03/2021de 11H00 àMécanique', 'A'),
(519, 11, 121, 'A-805/03/2021de 15H00 àInformatiqu', 'A'),
(520, 18, 122, 'A-809/03/2021de 17H00 àElectricité 2', 'A'),
(521, 8, 120, 'A-705/03/2021de 15H00 àInformatiqu', 'A'),
(522, 14, 122, 'A-805/03/2021de 15H00 àInformatiqu', 'A'),
(523, 39, 124, 'A-708/03/2021de 09H00 àAnalyse 4', 'A'),
(524, 39, 124, 'A-705/03/2021de 17H00 àAnalyse 5', 'A'),
(525, 19, 123, 'A-809/03/2021de 17H00 àElectricité 2', 'A'),
(526, 39, 124, 'A-709/03/2021de 15H00 àAlgèbre 4', 'A'),
(527, 15, 123, 'A-805/03/2021de 15H00 àInformatiqu', 'A'),
(528, 40, 124, 'A-708/03/2021de 11H00 àMécanique', 'A'),
(529, 38, 124, 'A-709/03/2021de 17H00 àElectricité 2', 'A'),
(530, 40, 125, 'A-708/03/2021de 09H00 àAnalyse 4', 'A'),
(531, 40, 125, 'A-705/03/2021de 17H00 àAnalyse 5', 'A'),
(532, 40, 125, 'A-709/03/2021de 15H00 àAlgèbre 4', 'A'),
(533, 39, 125, 'A-709/03/2021de 17H00 àElectricité 2', 'A'),
(534, 24, 125, 'A-705/03/2021de 15H00 àInformatiqu', 'A'),
(535, 32, 126, 'A-809/03/2021de 15H00 àAlgèbre 4', 'A'),
(536, 27, 127, 'A-808/03/2021de 09H00 àAnalyse 4', 'A'),
(537, 12, 127, 'A-809/03/2021de 17H00 àElectricité 2', 'A'),
(538, 28, 127, 'A-705/03/2021de 15H00 àInformatiqu', 'A'),
(539, 9, 129, 'A-708/03/2021de 09H00 àAnalyse 4', 'A'),
(540, 17, 128, 'A-808/03/2021de 09H00 àAnalyse 4', 'A'),
(541, 9, 129, 'A-705/03/2021de 17H00 àAnalyse 5', 'A'),
(542, 9, 129, 'A-709/03/2021de 15H00 àAlgèbre 4', 'A'),
(543, 16, 128, 'A-805/03/2021de 17H00 àAnalyse 5', 'A'),
(544, 9, 129, 'A-708/03/2021de 11H00 àMécanique', 'A'),
(545, 15, 128, 'A-808/03/2021de 11H00 àMécanique', 'A'),
(546, 28, 130, 'A-808/03/2021de 09H00 àAnalyse 4', 'A'),
(547, 9, 129, 'A-709/03/2021de 17H00 àElectricité 2', 'A'),
(548, 9, 128, 'A-809/03/2021de 17H00 àElectricité 2', 'A'),
(549, 26, 130, 'A-805/03/2021de 17H00 àAnalyse 5', 'A'),
(550, 9, 129, 'A-705/03/2021de 15H00 àInformatiqu', 'A'),
(551, 18, 131, 'A-808/03/2021de 09H00 àAnalyse 4', 'A'),
(552, 13, 130, 'A-809/03/2021de 17H00 àElectricité 2', 'A'),
(553, 17, 131, 'A-805/03/2021de 17H00 àAnalyse 5', 'A'),
(554, 20, 131, 'A-809/03/2021de 15H00 àAlgèbre 4', 'A'),
(555, 16, 131, 'A-808/03/2021de 11H00 àMécanique', 'A'),
(556, 11, 133, 'A-708/03/2021de 09H00 àAnalyse 4', 'A'),
(557, 10, 132, 'A-708/03/2021de 09H00 àAnalyse 4', 'A'),
(558, 11, 133, 'A-705/03/2021de 17H00 àAnalyse 5', 'A'),
(559, 11, 133, 'A-709/03/2021de 15H00 àAlgèbre 4', 'A'),
(560, 11, 133, 'A-708/03/2021de 11H00 àMécanique', 'A'),
(561, 13, 135, 'A-708/03/2021de 09H00 àAnalyse 4', 'A'),
(562, 11, 133, 'A-709/03/2021de 17H00 àElectricité 2', 'A'),
(563, 13, 135, 'A-705/03/2021de 17H00 àAnalyse 5', 'A'),
(564, 10, 132, 'A-705/03/2021de 17H00 àAnalyse 5', 'A'),
(565, 10, 132, 'A-709/03/2021de 15H00 àAlgèbre 4', 'A'),
(566, 19, 134, 'A-808/03/2021de 09H00 àAnalyse 4', 'A'),
(567, 11, 133, 'A-705/03/2021de 15H00 àInformatiqu', 'A'),
(568, 18, 134, 'A-805/03/2021de 17H00 àAnalyse 5', 'A'),
(569, 10, 132, 'A-708/03/2021de 11H00 àMécanique', 'A'),
(570, 13, 135, 'A-709/03/2021de 15H00 àAlgèbre 4', 'A'),
(571, 41, 136, 'A-708/03/2021de 09H00 àAnalyse 4', 'A'),
(572, 21, 134, 'A-809/03/2021de 15H00 àAlgèbre 4', 'A'),
(573, 41, 136, 'A-705/03/2021de 17H00 àAnalyse 5', 'A'),
(574, 13, 135, 'A-708/03/2021de 11H00 àMécanique', 'A'),
(575, 10, 132, 'A-709/03/2021de 17H00 àElectricité 2', 'A'),
(576, 12, 137, 'A-708/03/2021de 09H00 àAnalyse 4', 'A'),
(577, 17, 134, 'A-808/03/2021de 11H00 àMécanique', 'A'),
(578, 13, 135, 'A-709/03/2021de 17H00 àElectricité 2', 'A'),
(579, 41, 136, 'A-709/03/2021de 15H00 àAlgèbre 4', 'A'),
(580, 12, 137, 'A-705/03/2021de 17H00 àAnalyse 5', 'A'),
(581, 41, 136, 'A-708/03/2021de 11H00 àMécanique', 'A'),
(582, 13, 135, 'A-705/03/2021de 15H00 àInformatiqu', 'A'),
(583, 12, 137, 'A-709/03/2021de 15H00 àAlgèbre 4', 'A'),
(584, 10, 132, 'A-705/03/2021de 15H00 àInformatiqu', 'A'),
(585, 12, 137, 'A-708/03/2021de 11H00 àMécanique', 'A'),
(586, 40, 136, 'A-709/03/2021de 17H00 àElectricité 2', 'A'),
(587, 12, 137, 'A-709/03/2021de 17H00 àElectricité 2', 'A'),
(588, 12, 137, 'A-705/03/2021de 15H00 àInformatiqu', 'A'),
(589, 26, 138, 'A-809/03/2021de 17H00 àElectricité 2', 'A'),
(590, 39, 139, 'A-808/03/2021de 09H00 àAnalyse 4', 'A'),
(591, 15, 142, 'A-708/03/2021de 09H00 àAnalyse 4', 'A'),
(592, 42, 143, 'A-708/03/2021de 09H00 àAnalyse 4', 'A'),
(593, 42, 143, 'A-705/03/2021de 17H00 àAnalyse 5', 'A'),
(594, 15, 142, 'A-705/03/2021de 17H00 àAnalyse 5', 'A'),
(595, 15, 142, 'A-709/03/2021de 15H00 àAlgèbre 4', 'A'),
(596, 29, 140, 'A-808/03/2021de 09H00 àAnalyse 4', 'A'),
(597, 14, 141, 'A-708/03/2021de 09H00 àAnalyse 4', 'A'),
(598, 27, 140, 'A-805/03/2021de 17H00 àAnalyse 5', 'A'),
(599, 14, 141, 'A-705/03/2021de 17H00 àAnalyse 5', 'A'),
(600, 29, 140, 'A-809/03/2021de 15H00 àAlgèbre 4', 'A'),
(601, 15, 142, 'A-708/03/2021de 11H00 àMécanique', 'A'),
(602, 15, 142, 'A-709/03/2021de 17H00 àElectricité 2', 'A'),
(603, 15, 142, 'A-705/03/2021de 15H00 àInformatiqu', 'A'),
(604, 14, 141, 'A-709/03/2021de 15H00 àAlgèbre 4', 'A'),
(605, 42, 143, 'A-709/03/2021de 15H00 àAlgèbre 4', 'A'),
(606, 42, 143, 'A-708/03/2021de 11H00 àMécanique', 'A'),
(607, 14, 141, 'A-708/03/2021de 11H00 àMécanique', 'A'),
(608, 41, 143, 'A-709/03/2021de 17H00 àElectricité 2', 'A'),
(609, 27, 144, 'A-809/03/2021de 17H00 àElectricité 2', 'A'),
(610, 14, 141, 'A-709/03/2021de 17H00 àElectricité 2', 'A'),
(611, 1, 145, 'A-808/03/2021de 09H00 àAnalyse 4', 'A'),
(612, 14, 141, 'A-705/03/2021de 15H00 àInformatiqu', 'A'),
(613, 1, 145, 'A-809/03/2021de 15H00 àAlgèbre 4', 'A'),
(614, 1, 145, 'A-808/03/2021de 11H00 àMécanique', 'A'),
(615, 1, 145, 'A-809/03/2021de 17H00 àElectricité 2', 'A'),
(616, 30, 146, 'A-808/03/2021de 09H00 àAnalyse 4', 'A'),
(617, 1, 145, 'A-805/03/2021de 15H00 àInformatiqu', 'A'),
(618, 28, 146, 'A-805/03/2021de 17H00 àAnalyse 5', 'A'),
(619, 28, 147, 'A-809/03/2021de 17H00 àElectricité 2', 'A'),
(620, 30, 146, 'A-809/03/2021de 15H00 àAlgèbre 4', 'A'),
(621, 16, 148, 'A-708/03/2021de 09H00 àAnalyse 4', 'A'),
(622, 16, 148, 'A-705/03/2021de 17H00 àAnalyse 5', 'A'),
(623, 18, 150, 'A-708/03/2021de 09H00 àAnalyse 4', 'A'),
(624, 18, 150, 'A-705/03/2021de 17H00 àAnalyse 5', 'A'),
(625, 18, 150, 'A-709/03/2021de 15H00 àAlgèbre 4', 'A'),
(626, 18, 150, 'A-708/03/2021de 11H00 àMécanique', 'A'),
(627, 16, 148, 'A-709/03/2021de 15H00 àAlgèbre 4', 'A'),
(628, 18, 150, 'A-709/03/2021de 17H00 àElectricité 2', 'A'),
(629, 16, 148, 'A-708/03/2021de 11H00 àMécanique', 'A'),
(630, 18, 150, 'A-705/03/2021de 15H00 àInformatiqu', 'A'),
(631, 16, 148, 'A-709/03/2021de 17H00 àElectricité 2', 'A'),
(632, 16, 148, 'A-705/03/2021de 15H00 àInformatiqu', 'A'),
(633, 17, 149, 'A-708/03/2021de 09H00 àAnalyse 4', 'A'),
(634, 17, 149, 'A-705/03/2021de 17H00 àAnalyse 5', 'A'),
(635, 17, 149, 'A-709/03/2021de 15H00 àAlgèbre 4', 'A'),
(636, 17, 149, 'A-708/03/2021de 11H00 àMécanique', 'A'),
(637, 17, 149, 'A-709/03/2021de 17H00 àElectricité 2', 'A'),
(638, 17, 149, 'A-705/03/2021de 15H00 àInformatiqu', 'A');

--
-- Indexes for dumped tables
--

--
-- Indexes for table `admins`
--
ALTER TABLE `admins`
  ADD PRIMARY KEY (`personne_id`);

--
-- Indexes for table `convocations`
--
ALTER TABLE `convocations`
  ADD PRIMARY KEY (`id`),
  ADD KEY `FKi4o4rwy7ebhcxdsv6vd2gg30j` (`etudiant_id`);

--
-- Indexes for table `etudiants`
--
ALTER TABLE `etudiants`
  ADD PRIMARY KEY (`personne_id`);

--
-- Indexes for table `etudiant_exam`
--
ALTER TABLE `etudiant_exam`
  ADD KEY `FKi272x70iks9pflwc7q3api1dc` (`etudiant_id`),
  ADD KEY `FK118wa4sqct6j8wmqbnji6aic4` (`exam_id`);

--
-- Indexes for table `exams`
--
ALTER TABLE `exams`
  ADD PRIMARY KEY (`code`),
  ADD KEY `FKen25lxm700gi8gmoat8lks8yh` (`matiere_id`);

--
-- Indexes for table `filieres`
--
ALTER TABLE `filieres`
  ADD PRIMARY KEY (`nom`);

--
-- Indexes for table `matieres`
--
ALTER TABLE `matieres`
  ADD PRIMARY KEY (`nom`),
  ADD KEY `FKbc0kugb53bl16i87yolna41t6` (`filiere_id`),
  ADD KEY `FKcej6evi28nmmv5clfv00sfirm` (`module_id`),
  ADD KEY `FKeqglqj2al2s8xhvxpmvbtwa9q` (`prefesseur_id`);

--
-- Indexes for table `modules`
--
ALTER TABLE `modules`
  ADD PRIMARY KEY (`id`),
  ADD KEY `FK5fj65k7tg6lepr4w2d7uwhiuo` (`semestre_id`);

--
-- Indexes for table `personnes`
--
ALTER TABLE `personnes`
  ADD PRIMARY KEY (`id`);

--
-- Indexes for table `professeurs`
--
ALTER TABLE `professeurs`
  ADD PRIMARY KEY (`personne_id`);

--
-- Indexes for table `salles`
--
ALTER TABLE `salles`
  ADD PRIMARY KEY (`code`),
  ADD KEY `FKgt3s34u8t0sarbjn4mcicipdo` (`exam_id`),
  ADD KEY `FKrgb2y22105qejtbsg4jgx2wk8` (`surveillant_id`);

--
-- Indexes for table `semestres`
--
ALTER TABLE `semestres`
  ADD PRIMARY KEY (`nom`);

--
-- Indexes for table `surveillants`
--
ALTER TABLE `surveillants`
  ADD PRIMARY KEY (`personne_id`);

--
-- Indexes for table `tables`
--
ALTER TABLE `tables`
  ADD PRIMARY KEY (`id`),
  ADD KEY `FKhyfxahki6skgp7l5wyfeqx9aw` (`etudiant`),
  ADD KEY `FK2ri504yyljw359lnyc1rb6x4a` (`salle_id`);

--
-- AUTO_INCREMENT for dumped tables
--

--
-- AUTO_INCREMENT for table `convocations`
--
ALTER TABLE `convocations`
  MODIFY `id` int(11) NOT NULL AUTO_INCREMENT, AUTO_INCREMENT=151;

--
-- AUTO_INCREMENT for table `modules`
--
ALTER TABLE `modules`
  MODIFY `id` int(11) NOT NULL AUTO_INCREMENT;

--
-- AUTO_INCREMENT for table `personnes`
--
ALTER TABLE `personnes`
  MODIFY `id` int(11) NOT NULL AUTO_INCREMENT, AUTO_INCREMENT=156;

--
-- AUTO_INCREMENT for table `tables`
--
ALTER TABLE `tables`
  MODIFY `id` int(11) NOT NULL AUTO_INCREMENT, AUTO_INCREMENT=639;

--
-- Constraints for dumped tables
--

--
-- Constraints for table `admins`
--
ALTER TABLE `admins`
  ADD CONSTRAINT `FK90tf67tshi960bten6m7c6nwi` FOREIGN KEY (`personne_id`) REFERENCES `personnes` (`id`);

--
-- Constraints for table `convocations`
--
ALTER TABLE `convocations`
  ADD CONSTRAINT `FKi4o4rwy7ebhcxdsv6vd2gg30j` FOREIGN KEY (`etudiant_id`) REFERENCES `etudiants` (`personne_id`);

--
-- Constraints for table `etudiants`
--
ALTER TABLE `etudiants`
  ADD CONSTRAINT `FKgpf6c0171mpdv7wju258ps1nu` FOREIGN KEY (`personne_id`) REFERENCES `personnes` (`id`);

--
-- Constraints for table `etudiant_exam`
--
ALTER TABLE `etudiant_exam`
  ADD CONSTRAINT `FK118wa4sqct6j8wmqbnji6aic4` FOREIGN KEY (`exam_id`) REFERENCES `exams` (`code`),
  ADD CONSTRAINT `FKi272x70iks9pflwc7q3api1dc` FOREIGN KEY (`etudiant_id`) REFERENCES `etudiants` (`personne_id`);

--
-- Constraints for table `exams`
--
ALTER TABLE `exams`
  ADD CONSTRAINT `FKen25lxm700gi8gmoat8lks8yh` FOREIGN KEY (`matiere_id`) REFERENCES `matieres` (`nom`);

--
-- Constraints for table `matieres`
--
ALTER TABLE `matieres`
  ADD CONSTRAINT `FKbc0kugb53bl16i87yolna41t6` FOREIGN KEY (`filiere_id`) REFERENCES `filieres` (`nom`),
  ADD CONSTRAINT `FKcej6evi28nmmv5clfv00sfirm` FOREIGN KEY (`module_id`) REFERENCES `modules` (`id`),
  ADD CONSTRAINT `FKeqglqj2al2s8xhvxpmvbtwa9q` FOREIGN KEY (`prefesseur_id`) REFERENCES `professeurs` (`personne_id`);

--
-- Constraints for table `modules`
--
ALTER TABLE `modules`
  ADD CONSTRAINT `FK5fj65k7tg6lepr4w2d7uwhiuo` FOREIGN KEY (`semestre_id`) REFERENCES `semestres` (`nom`);

--
-- Constraints for table `professeurs`
--
ALTER TABLE `professeurs`
  ADD CONSTRAINT `FKbepsmkbc7qjxvi6e3eufux0un` FOREIGN KEY (`personne_id`) REFERENCES `personnes` (`id`);

--
-- Constraints for table `salles`
--
ALTER TABLE `salles`
  ADD CONSTRAINT `FKgt3s34u8t0sarbjn4mcicipdo` FOREIGN KEY (`exam_id`) REFERENCES `exams` (`code`),
  ADD CONSTRAINT `FKrgb2y22105qejtbsg4jgx2wk8` FOREIGN KEY (`surveillant_id`) REFERENCES `surveillants` (`personne_id`);

--
-- Constraints for table `surveillants`
--
ALTER TABLE `surveillants`
  ADD CONSTRAINT `FK38swnide9bo9912n47tk107lf` FOREIGN KEY (`personne_id`) REFERENCES `personnes` (`id`);

--
-- Constraints for table `tables`
--
ALTER TABLE `tables`
  ADD CONSTRAINT `FK2ri504yyljw359lnyc1rb6x4a` FOREIGN KEY (`salle_id`) REFERENCES `salles` (`code`),
  ADD CONSTRAINT `FKhyfxahki6skgp7l5wyfeqx9aw` FOREIGN KEY (`etudiant`) REFERENCES `etudiants` (`personne_id`);
COMMIT;

/*!40101 SET CHARACTER_SET_CLIENT=@OLD_CHARACTER_SET_CLIENT */;
/*!40101 SET CHARACTER_SET_RESULTS=@OLD_CHARACTER_SET_RESULTS */;
/*!40101 SET COLLATION_CONNECTION=@OLD_COLLATION_CONNECTION */;
